country,founded,id,industry,linkedin_url,locality,name,region,size,website
spain,,5GCt5CHxBA4AUs0xh40CtghLKSv3,construction,linkedin.com/company/prefabricados-lopez-cao,buño,prefabricados lopez cao,galicia,11-50,
spain,,SWO3e4kfKiJ94zhcEyxCJAQJdVA8,construction,linkedin.com/company/lacunza-hermanos-sl,aranguren,lacunza hermanos sl,navarre,11-50,lacunzahnos.com
spain,,E7rC4YtxggNbb0BbIz0I8wKG8iR6,construction,linkedin.com/company/yesos-y-escayolas-vaquero-sl,badajoz,yesos y escayolas vaquero sl,extremadura,1-10,
spain,,42r66YNAy3h3B3KCBEkH1gI2XDm0,construction,linkedin.com/company/revestimientos-danavy-sl,toledo,revestimientos danavy sl,castilla-la mancha,11-50,
spain,,OG5LYjgsrU0NyowHwIC44g75aYt0,construction,linkedin.com/company/joysma-obras-y-contratas,badajoz,joysma obras y contratas,extremadura,1-10,joysmaobras.com
spain,,e0ScSaegN5efxOplZmpAwQCQZHQ5,construction,linkedin.com/company/sering-serveis-d'enginyeria-i-arquitectura-sl,la garriga,sering serveis d'enginyeria i arquitectura sl,catalonia,11-50,grupsering.com
spain,,k8qU00BHukpiHaAd7vCcdwwFX4nj,construction,linkedin.com/company/cero-reparaciones-sl,zaragoza,cero reparaciones sl,aragon,11-50,ceroreparaciones.com
spain,,CBMrrwqWlvqK8qq39y7TSgWXfPRV,construction,linkedin.com/company/scafo-automatismos-y-servicios-integrales-sl,,scafo automatismos y servicios integrales sl,,11-50,
spain,,1CrcfQFN6EgPTgsfnqBqkghYqHvQ,construction,linkedin.com/company/ensanche-electricidad-&-comunicaciones-sl,donostia,ensanche electricidad & comunicaciones sl,basque country,11-50,
spain,1995,EffOUwNcnO70Bzq07QgCTQcaKf4v,construction,linkedin.com/company/pinturas-serrano-e-hijos-sl,málaga,pinturas serrano,andalusia,11-50,pinturasserrano.com
spain,,VS8x2qmCPh1Ts7WOCPxq6QtCNXwN,construction,linkedin.com/company/cegansa-gestion-de-obras-sl,camaleño,cegansa gestion de obras sl,cantabria,1-10,
spain,,CBfvcDmvGeI1JcLaCkgY1Aws24jS,construction,linkedin.com/company/macresa,,macresa,,1-10,macresa.es
spain,,Vrr6ZCsoq3MIbgu5NWPRwgY3WTDP,construction,linkedin.com/company/excavaciones-y-muros-de-piedra-montesinos-sl,estepona,excavaciones y muros de piedra montesinos sl,andalusia,11-50,
spain,,a7sCjf4MMiqWX5U48ozIywF6T7Dl,construction,linkedin.com/company/concesa-obras-y-servicios-inmobiliarios-sl,,concesa obras y servicios inmobiliarios sl,,11-50,
spain,,aHUDTm7noYVO0FXC9RgcwgUa842S,construction,linkedin.com/company/diseycon2002,sevilla,diseycon 2002 s.l.,andalusia,1-10,diseycon2002.com
spain,,aKwEPkZvldPvgEjBHEMeSA82Nke0,construction,linkedin.com/company/rumania-renovables-sl,cortes,rumania renovables sl,navarre,1-10,
spain,,m0arLbcWrEncQqshjwifsgaHSZwN,construction,linkedin.com/company/adaxa-management-sl,san felíu de guixols,adaxa management sl,catalonia,11-50,
spain,2013,W8tgyqIFvLNDrwRjIMliDALgnmga,construction,linkedin.com/company/petro-service-road-system,barcelona,petro service road system,catalonia,1-10,petro.es
spain,,4hqQHNtdl68yBPYqMAlDbwiQRs2d,construction,linkedin.com/company/midala-gestion-sl,madrid,midala gestion sl,community of madrid,1-10,
spain,1975,Cc390fxe9HCV1FgoDdueXw4MZ6vf,construction,linkedin.com/company/instal-lacions-serra,girona,instal·lacions serra,catalonia,1-10,serrabescano.com
spain,1989,YbIgVwiy3gtrWneBfdUx8AtouNel,construction,linkedin.com/company/fernández-y-lind-sl.,málaga,"fernández y lind construcciones, sl.",andalusia,11-50,construccionesfelico.com
spain,,BlQL9GhGY0vxboNQ7hKRBQlFgvdO,construction,linkedin.com/company/fabrica-de-escayolas-gudiel-sl,talavera de la reina,fabrica de escayolas gudiel sl,castilla-la mancha,11-50,
spain,,cEoofS9kAensQVdK8GpOZgbDQH5Z,construction,linkedin.com/company/montajes-orbigo-sl,santa marina del rey,montajes orbigo sl,castilla and león,11-50,
spain,,Aqnf3bY4VDGkInhrUCwKCQE8I8Wn,construction,linkedin.com/company/mas-gomas-lora-sl,lora del río,mas gomas lora sl,andalusia,1-10,
spain,,FXrBu1d4LerywoaBGBaCeAeIcwJJ,construction,linkedin.com/company/exedralia-construccion-sl,albacete,exedralia construccion sl,castilla-la mancha,11-50,exedralia.com
spain,,iKqLBVICquVgQm6L4S7x6A05a9Ve,construction,linkedin.com/company/sergonsa-servicios-s-l,a coruña,sergonsa servicios s.l.,galicia,11-50,
spain,2012,ySh91SWB1a3dAxYFZW1BSA9Oeowe,construction,linkedin.com/company/hervill-multiservicios-sl,puente viesgo,hervill multiservicios sl,cantabria,51-200,hervill.com
spain,,Jb60IEpDTWRpSWxPAGLywAL404IM,construction,linkedin.com/company/construcciones-y-reformas-fupel-sl,madrid,construcciones y reformas fupel sl,community of madrid,11-50,
spain,,MdLTydRh2XxClQ1dBN0I5Q8SQDSR,construction,linkedin.com/company/limanpe-canarias-sl,las palmas,limanpe canarias sl,canary islands,1-10,
spain,,mHg2EKknkAcT1rJeLJgxkg8ZMXd5,construction,linkedin.com/company/piscimant-instalaciones-acuaticas-sl,alcalá de henares,piscimant instalaciones acuaticas sl,community of madrid,11-50,
spain,,cbdFe1C4lvWbzyGGMtLkbQlErSh1,construction,linkedin.com/company/eventualia-global-sl,sevilla,eventualia global sl,andalusia,1-10,
spain,,yeiqkWCyjDleQljkVB9c5wzdItaZ,construction,linkedin.com/company/mar-casting-sl,el astillero,mar casting sl,cantabria,11-50,
spain,,563YxvtydXror60tZpM8zQtQSWR8,construction,linkedin.com/company/proyectos-y-edificaciones-vigran-sl,albacete,proyectos y edificaciones vigran sl,castilla-la mancha,1-10,
spain,,lLg5H2bq6zkQIz1AxF1taAKl53rr,construction,linkedin.com/company/logistica-magna-española-sl,villaverde del río,logistica magna española sl,andalusia,1-10,
spain,,ORO7H8o7XYgyM8KuOk534gYMU10k,construction,linkedin.com/company/niba-creativos-sl,sevilla,niba creativos sl,andalusia,1-10,
spain,,vnN0MDvuGcqawFCALZdjKQr2i6GZ,construction,linkedin.com/company/albarz-hispania-sl,madrid,albarz hispania sl,community of madrid,11-50,
spain,,hyoH0vqb6QVXYnqqqumTvgBFo0Ts,construction,linkedin.com/company/inversiones-aluze-sl,málaga,inversiones aluze sl,andalusia,11-50,
spain,,YagN5FBQ3XMDXjKysrugAQkraf7z,construction,linkedin.com/company/premir-asistencia-sl,alcorcón,premir asistencia sl,community of madrid,11-50,
spain,2015,FDNwabnKO2K8PQToafSoHgvm54As,construction,linkedin.com/company/elemar-servicios-integrales,sevilla,elemar servicios integrales,andalusia,11-50,elemarservicios.es
spain,,uk99R0Ih27wt5Jj4BRAvoQ81m6A9,construction,linkedin.com/company/cubiertas-y-montajes-iruña-sl,mutilva baja,cubiertas y montajes iruña sl,navarre,11-50,
spain,,B8XRN3we7cAhZw0DT3I8UgWjIHOS,construction,linkedin.com/company/delgado-y-gracia-sl,,delgado y gracia sl,,11-50,delgadoygracia.com
spain,,WBddRdSczOoZWOVCH2jfegidE2PC,construction,linkedin.com/company/jaymar-decor-sl,madrid,jaymar decor sl,community of madrid,1-10,
spain,,B1FCYdKKwVZzFpBiPti1KQLImRhF,construction,linkedin.com/company/grupo-oiko-diseño-y-arquitectura-sl,madrid,grupo oiko diseño y arquitectura sl,community of madrid,11-50,
spain,,8Nf4wpJ7oBaEo5QrSQHOKgLNnrhD,construction,linkedin.com/company/dongseo-construction-co-ltd-,madrid,"dongseo construction co., ltd.",community of madrid,11-50,dongseoi.com
spain,,IOCm7s82XH9iyZXXoboREA2q7SUb,construction,linkedin.com/company/instalaciones-maderalma-sl,sagunto,instalaciones maderalma sl,valencian community,1-10,
spain,,1PKfnV3B5DmY4Nh8YoGGegTOR9WB,construction,linkedin.com/company/aragón-solar-active-protection,zaragoza,aragón solar active protection,aragon,1-10,aragonsolaractiveprotection.es
spain,,nHJBjC959rc4t7lb5DsXCwg0Jywt,construction,linkedin.com/company/construcciones-ruafer-sa,santiago de compostela,construcciones ruafer sa,galicia,1-10,ruafer.com
spain,,qCPfZXHKQDVqWikjWTAsLwWoXv12,construction,linkedin.com/company/reformania-2002-sl,las presas,reformania 2002 sl,catalonia,1-10,
spain,,f9YwkkbgPwfZUrnJYL000Q2iScuJ,construction,linkedin.com/company/sayro-mediterraneo-sl,almería,sayro mediterraneo sl,andalusia,1-10,
spain,,raVJHm3tkRPFlJpM9AM6PgTPeUO5,construction,linkedin.com/company/pumacem-inversiones-sa,,pumacem inversiones sa,,11-50,
spain,,DbOoVlmOBNASiKxwpnS8JwhCsC7m,construction,linkedin.com/company/aislamientos-moyano-sl,las pedroñeras,aislamientos moyano sl,castilla-la mancha,11-50,
spain,,u2mQXZOcUwUS0HyPktIBKA3kI25r,construction,linkedin.com/company/massana-serveis-i-reparacions-sl,,massana serveis i reparacions sl,,11-50,
spain,,7xc3k7mLzAerthgdNgqrkAtBYsOL,construction,linkedin.com/company/saramania-sl,olesa de montserrat,saramania sl,catalonia,1-10,
spain,,9omHJIbsucLxhTACUGnO4AD82nF1,construction,linkedin.com/company/galdazara-construcciones-sl,arkotxa,galdazara construcciones sl,basque country,11-50,
spain,,E0rUU8RBjYtEAWcgaSdI1w68V9Sh,construction,linkedin.com/company/dosaigües---soluciones-integrales-de-construcción,valencia,dosaigües - soluciones integrales de construcción,valencian community,1-10,
spain,,Xh5Bj690fJZPUfttVza74gLq1dP5,construction,linkedin.com/company/ingenieria-nacarsa-sl,arteixo,ingenieria nacarsa sl,galicia,11-50,
spain,,r2ZiEaUUP3ByemU1dOMCpwI5BGQm,construction,linkedin.com/company/devellnou-sl,universitat illes balears,devellnou sl,balearic islands,11-50,devellnou.com
spain,2016,vlTa51SGOx8NI2RAOQrpewwGH6JU,construction,linkedin.com/company/jrisk,barcelona,jrisk,catalonia,51-200,julienrisk.es
spain,,Pt1q2OimxUPBu0v6qlzrbwBUxvU3,construction,linkedin.com/company/asistencias-y-multiservicios-eid-sl,valle de trapaga,asistencias y multiservicios eid sl,basque country,1-10,
spain,,qaESQ2WOYGjq8UIIli47LQREOIi3,construction,linkedin.com/company/cristalería-los-pazos,algete,cristalería los pazos,community of madrid,1-10,cristalerialospazos.com
spain,,hJ1hDCHZkHnr1teQEFrHiANYOHKj,construction,linkedin.com/company/electrica-y-mantenimiento-sl,,electrica y mantenimiento sl,,11-50,
spain,2018,w8jGlvypTsGFOvVLINRXZQcCsqgS,construction,linkedin.com/company/mdv-construcción-y-gestión-inmobiliaria,granada,mdv construcción y gestión inmobiliaria,andalusia,1-10,mdvconstruccion.com
spain,,5wJT1ecrRljhNGdBxEpFgAd80R9t,construction,linkedin.com/company/la-casa-del-alba,alba,la casa del alba,aragon,1-10,lacasadelalba.es
spain,,RBfAoBbqZbFhlQBIPLiD2gFNiXOb,construction,linkedin.com/company/gbpro-consulting-everywhere-sl,colmenarejo,gbpro consulting everywhere sl,community of madrid,1-10,
spain,,0gvZr40N2E1iV7tUbamnywQOhkzY,construction,linkedin.com/company/contru-venda-grup-pd-sl,girona,contru-venda grup pd sl,catalonia,11-50,
spain,,N2I2cD80sEk9GROOO9zNXQkiJdR7,construction,linkedin.com/company/alhersan-sl,arganda del rey,alhersan sl,community of madrid,11-50,
spain,,ROcBgH4JBCVZNnyRDxwxzw4gCjnw,construction,linkedin.com/company/sf-construcciones-y-promociones-sebastian-fernandez-sl,,sf construcciones y promociones sebastian fernandez sl,,11-50,construsebastianfernandez.es
spain,,K4GjiCT7MLJomalsExRVyQdbHHYS,construction,linkedin.com/company/dado-multiservicios,segovia,dado multiservicios,castilla and león,1-10,multiserviciosdado.com
spain,,zjH93eH4Bn5jlnolXiXPfgzcXkod,construction,linkedin.com/company/cahuana-construcciones-sl,,cahuana construcciones sl,,11-50,
spain,,HXLv4ilvL3vMVLxKHTAugA3226Ys,construction,linkedin.com/company/entramat-cooperativa,barcelona,entramat arquitectura,catalonia,1-10,entramat.coop
spain,1959,gMl81YMDDBXAJxsyU4PKDA4bXcCD,construction,linkedin.com/company/edificacion-y-construccion,donostia,edificacion y construccion,basque country,11-50,
spain,,OUkCyQ7epzcOAYdgFCkglQI2OcV5,construction,linkedin.com/company/olimpo-estudio,,olimpo estudio,community of madrid,1-10,olimpoestudio.es
spain,,PSBJ0MX3OkBP1FQCyZztyg0ixTX0,construction,linkedin.com/company/geotecnia-huetor-tajar-sl,huétor-tájar,geotecnia huetor tajar sl,andalusia,11-50,
spain,,TGHHDjfr5eM6CsaxQUNWVQ3qts4T,construction,linkedin.com/company/ilumiluz-sl,alhama de almería,ilumiluz sl,andalusia,11-50,
spain,1996,gtMinOlqgn01fmWt06sf1gWy26Sv,construction,linkedin.com/company/painsel-pavimentos-industriales-y-sellados,torrejón de ardoz,painsel (pavimentos industriales y sellados),community of madrid,11-50,painsel.es
spain,,2CGtCMMECEB8xwKhF8CacAAyxL7K,construction,linkedin.com/company/promociones-arbol-de-olivo-sl,,promociones arbol de olivo sl,,1-10,
spain,,A4hEDDMEWdeLfiGBVOJq4wdlBhYC,construction,linkedin.com/company/informatica-business-solution-sl,,informatica business solution sl,,11-50,
spain,,0CqBNhf6fpJhrhixXuz6UQu7CmtL,construction,linkedin.com/company/carpinteria-ebanisteria-san-juan-sl,bilbao,carpinteria ebanisteria san juan sl,basque country,1-10,
spain,,Q1JZAkuTA5Tkev6focnYfwBfBrLa,construction,linkedin.com/company/electrica-guixes-energia-sl,cardona,electrica guixes energia sl,catalonia,1-10,
spain,,htUXP5lyhMLXw7f7McKAigrpbA1M,construction,linkedin.com/company/plataformas-donosti-sl,lezo,plataformas donosti sl,basque country,11-50,
spain,,CD6bDrj7pNlblJuMiEjOBARLLVvV,construction,linkedin.com/company/pinturas-aurelio-sl,,pinturas aurelio sl,,11-50,
spain,,WblPRCgrH4nFeUljiNeZ6wKuuSbw,construction,linkedin.com/company/padiesa-telecomunicaciones-sl,huesca,padiesa telecomunicaciones sl,aragon,11-50,
spain,,QKVwL8m0nEENzuqnOoVCGAaQeqoj,construction,linkedin.com/company/vincle-servei-de-rehabilitacio-i-construccio-sl,molins de rei,vincle servei de rehabilitacio i construccio sl,catalonia,11-50,
spain,,UFPBxegcwp3juA2wp5gDegdqyBHh,construction,linkedin.com/company/cayco-grupo-empresarial-sl,granada,cayco grupo empresarial sl,andalusia,1-10,
spain,,VoLAOVTzXFG2PMkwVppChgl1kFBj,construction,linkedin.com/company/barcelona-cerrajeros,barcelona,barcelona cerrajeros,catalonia,1-10,barcelonacerrajeros.org
spain,2014,5iB0FnofIBtBzkaalAZsnwcPWEVk,construction,linkedin.com/company/ingeniería-vertical-en-altura,camargo,ingeniería vertical en altura,cantabria,11-50,atrav.es
spain,2004,xltSLSxRWaXSS45TwW2JNADwrN6T,construction,linkedin.com/company/desarrollos-inmobiliarios-obanos-sl,san sebastián de los reyes,desarrollos inmobiliarios obanos sl,community of madrid,1-10,obrasobanos.es
spain,2024,C6Jb9qfbxVwriXME5T2xngmCSUZm,construction,linkedin.com/company/aquadetect-espana,san fernando de henares,aquadetect,community of madrid,1-10,aquadetect.es
spain,,nCwMXcdi2rajlj6UBbEuxw7YtyYj,construction,linkedin.com/company/befab-ab,madrid,befab ab,community of madrid,11-50,befab.se
spain,,NZKPywVBYLfCYzCBbtMBqwAWTPfJ,construction,linkedin.com/company/hermanos-feijoo-vidal-sl,perelló,hermanos feijoo vidal sl,catalonia,1-10,
spain,,NdSOvaxeiYyRdK7FW3v4GwHzTEw2,construction,linkedin.com/company/prefiero-sl,,prefiero sl,community of madrid,11-50,
spain,2006,Qo6rSasibLjsMppzRpJg6AFrlFIs,construction,linkedin.com/company/reformasm2,humanes de madrid,reformasm2,community of madrid,11-50,
spain,,VtLuDpNLg5HIBMSiyplD8wIxrvL0,construction,linkedin.com/company/ucranreform-sl,barcelona,ucranreform sl,catalonia,1-10,
spain,,is0GxmIYL8m76FO2n3ILPw8yMQMV,construction,linkedin.com/company/pevaser-sl,cabanes,pevaser sl,catalonia,1-10,
spain,,UlYVgQzazM5tAJlGyilORwmk2kew,construction,linkedin.com/company/conbeton-sa,,conbeton sa,,11-50,forjadosorgues.com
spain,,Ch3h0lSMgtqEGugnsYrFxQpT00tf,construction,linkedin.com/company/pizarroso-casa-sl,torremocha de jarama,pizarroso casa sl,community of madrid,11-50,
spain,2000,Sw1dNy2ZmTKhaUvm0tNjkAk6E0h7,construction,linkedin.com/company/montajes-electricos-electromon-s-l-,valladolid,montajes electricos electromon s.l.,castilla and león,11-50,electromon.com
spain,,9RKMMFt0m31xYBC8rcVDuAAOqXrH,construction,linkedin.com/company/construcciones-y-reformas-gicasa-sl,badajoz,construcciones y reformas gicasa sl,extremadura,1-10,
spain,2020,B1NaBxqgSx58ltaJJup1BwDU9sCH,construction,linkedin.com/company/fixenova,barcelona,fixenova,catalonia,1-10,fixenova.com
spain,,utVUfSD3j9B1jz4bT5PW9QWOGx7j,construction,linkedin.com/company/construcciones-garcía-val,zaragoza,construcciones garcía val,aragon,1-10,construccionesgarciaval.com
spain,,vNSWQnEzNWR4bETruzBL1ggwEB0u,construction,linkedin.com/company/exposito-gonzalez-construcciones-sl,pontevedra,exposito gonzalez construcciones sl,galicia,11-50,
spain,,xfGCIZP0ew8ZkhtvftLtcwjK2FXJ,construction,linkedin.com/company/construccions-jordi-amills-sl,,construccions jordi amills sl,,11-50,
spain,1974,kMhAjOWD6uPoCViC0TlkOwHrAbuk,construction,linkedin.com/company/ignitor-productos-ignifugos,l'hospitalet de llobregat,ignifugaciones ignitor,catalonia,11-50,ignifugacionesignitor.com
spain,,5qBwd50e1NLsiBHPN1ONcQN8aNl0,construction,linkedin.com/company/prefabricados-extremadura-2002-sll,caserío la dehesilla,prefabricados extremadura 2002 sll,andalusia,11-50,prefabricadosextremadura2002.com
spain,,GQ6NEI0n8abMW3YpnHusYwwelUpA,construction,linkedin.com/company/allhomes-gestion-integral-sl,porto cristo,allhomes gestion integral sl,balearic islands,1-10,
spain,,Qxb3ckuLkPVIrkuzWdxOXwDZ9ZBT,construction,linkedin.com/company/arquitectura-vertical-y-andamios-sl,madrid,arquitectura vertical y andamios sl,community of madrid,1-10,
spain,2005,slHxG41bTI92h6duKqmQfA1DIexI,construction,linkedin.com/company/kodyprhoingenieros,alhama de murcia,kodyprho ingenieros,region of murcia,1-10,kdpingenieros.com
spain,,OxiMd64Pb5h0WhKO1y3GFwQiCo4Z,construction,linkedin.com/company/people-instal-sl,l'hospitalet de llobregat,people instal sl,catalonia,1-10,
spain,,H9akVCsyb9nfYwCHmYHx9QolyLrs,construction,linkedin.com/company/ortata,santa cruz de bezana,ortata,cantabria,1-10,manufacturado.es
spain,,jd5z1uIq61J3L3LUrWrvyAYI5WRT,construction,linkedin.com/company/creaespace-sl,san andrés del rabanedo,creaespace sl,castilla and león,11-50,
spain,,C8sEJEMYIKIdNdvszpWMWAC7VMkC,construction,linkedin.com/company/autopista-del-sureste---concesionaria-española-de-autopistas-s.a.,villamartín,autopista del sureste - concesionaria española de autopistas s.a.,andalusia,1-10,ausur.es
spain,,vh7bs3gZi6zQ89WP4CgZQgaUKNJD,construction,linkedin.com/company/instalaciones-electricas-selectric-malaga-sl,málaga,instalaciones electricas selectric malaga sl,andalusia,11-50,
spain,,qtnD7ZarIBwzTU3k2miAhA2C7wjf,construction,linkedin.com/company/indere-system-sl,vitoria-gasteiz,indere system sl,basque country,1-10,
spain,,jIVo6p7za8s9qm1PsrwsLgJSThge,construction,linkedin.com/company/alton-gruas-sl,sevilla,alton gruas sl,andalusia,11-50,
spain,1989,4cd78II8irlvRCEdLEoVPgbVBaTM,construction,linkedin.com/company/proyme-s-l-,alginet,proyme ingenieria y construccion,valencian community,51-200,proyme.es
spain,,CPsaQW4vsiT2BDYctk4nAQCNP1kQ,construction,linkedin.com/company/robriza-sl,talavera de la reina,robriza sl,castilla-la mancha,1-10,
spain,,AcsLHh6OZOlSPbkfSaNxqgq7SDoE,construction,linkedin.com/company/gruas-castilla-2003-sl,jimena de la frontera,gruas castilla 2003 sl,andalusia,1-10,
spain,,mVRfqBD2DWjKsxDBBl1pOgjVn02s,construction,linkedin.com/company/riverside-casino-ltd,madrid,riverside casino ltd,community of madrid,51-200,
spain,,0cJ1IdG2JqSHW8HhZV0MzQMYN87w,construction,linkedin.com/company/colegio-magda-sl,ceuti,colegio magda sl,region of murcia,1-10,
spain,,dKbzWi28iB8lFABb8PQrHgdjSBrO,construction,linkedin.com/company/persianas-parrilla,fuenlabrada,persianas parrilla,community of madrid,1-10,persianasparrilla.com
spain,,KNhBh1yF5Gvyudvy0PATowue63Yq,construction,linkedin.com/company/prefabricados-belcaire-sl,burriana,prefabricados belcaire sl,valencian community,11-50,
spain,,xmze8DWqYJF8OCJXKW3UfA7XmihO,construction,linkedin.com/company/pinturas-alfonso-lopez-de-rodas-sl,quintanar de la orden,pinturas alfonso lopez de rodas sl,castilla-la mancha,1-10,
spain,,gJbgyfe03CcBWlmgdq8WKAym9KWO,construction,linkedin.com/company/a-b-reformas-e-interiorismo-sl,,a b reformas e interiorismo sl,,11-50,
spain,1989,sFr5YMrkDj6UUEZIBCwMvw7Wk4ov,construction,linkedin.com/company/pavimentos-y-hormigones-carreras-sa,palma,pavimentos y hormigones carreras sa,balearic islands,11-50,phcarreras.com
spain,,NzaFd6xGACfMzfjSsLUfWgS6sUMx,construction,linkedin.com/company/t&t-kältetechnik-gmbh,madrid,t&t kältetechnik gmbh,community of madrid,11-50,
spain,,KMiCxV8Y5Qsw0eRctgs3mQ6M6pCl,construction,linkedin.com/company/vergers-31-sl,madrid,vergers 31 sl,community of madrid,1-10,
spain,,Mic86fmJiBNpgrWScFOOdAwB7e2l,construction,linkedin.com/company/cobaldor-proyectos-y-construcciones-sl,rivas-vaciamadrid,cobaldor proyectos y construcciones sl,community of madrid,11-50,
spain,,fa0YekUy3X1rifY1CDh0KATkQhnn,construction,linkedin.com/company/instalaciones-y-servicios-mallorca-premium-group-sl,palma,instalaciones y servicios mallorca premium group sl,balearic islands,1-10,
spain,,IeN0zbHPYZm0WbatCCOcnAEsZQfU,construction,linkedin.com/company/contratas-de-obras-vicfra-sl,,contratas de obras vicfra sl,,11-50,
spain,,r6y1VCuJNsnkxCBVAE9SpAYvFcLO,construction,linkedin.com/company/suntelco,arrecife,suntelco,canary islands,1-10,
spain,,oPiR21UhZG08CbDEF9oxnAvTcJmm,construction,linkedin.com/company/mobel-feelings-sl,ciudad real,mobel feelings sl,castilla-la mancha,1-10,
spain,2005,uvMxE7XhuBqXmdCPBswzOgluQ8lo,construction,linkedin.com/company/cerrajeros-alcorcon,alcorcón,cerrajeros alcorcon - 917875684,community of madrid,1-10,cerrajerosalcorcon.com
spain,,q337X6LoISB811gCCqyy9AAoYO5q,construction,linkedin.com/company/mak-brothers-sl,barcelona,mak brothers sl,catalonia,1-10,
spain,,4GuLnJ5ODhyrC4uIwrAa2AQk76cn,construction,linkedin.com/company/trevino-beamonte-international-sl,santa coloma de gramenet,trevino beamonte international sl,catalonia,11-50,
spain,,DFO0BxFHQzX3yjouXlRxugSHyOpB,construction,linkedin.com/company/proyecto-diseño-y-fabricacion-cluster-sl,olèrdola,"proyecto, diseño y fabricacion cluster sl",catalonia,1-10,
spain,,js3Cc8wMHAYzFtuuZgAmkgzubeWf,construction,linkedin.com/company/atlantik-bau-sl,adeje,atlantik bau sl,canary islands,1-10,
spain,,sOkTpyLi8YW0NCCG99ziewu738Ki,construction,linkedin.com/company/electricidad-y-mantenimiento-alfredo-fuentes-sl,eivissa,electricidad y mantenimiento alfredo fuentes sl,balearic islands,1-10,
spain,,Gd3hgPCeCvMNvBYsM3hIAA9lorOb,construction,linkedin.com/company/flying-mercury-sl,sant antoni de portmany,flying mercury sl,balearic islands,1-10,
spain,,qpucFQ3KRFAQuH3UsKAt4gwRy7gP,construction,linkedin.com/company/obras-y-estructuras-de-murcia-sl,murcia,obras y estructuras de murcia sl,region of murcia,11-50,
spain,,mCCpIQV1id7XF5t90M5lrAUNOw4l,construction,linkedin.com/company/tecnocir-ingenieria-sl,talavera de la reina,tecnocir ingenieria sl,castilla-la mancha,1-10,
spain,,p8nqBzDceUsABbXulB7bJgNAVCzS,construction,linkedin.com/company/terrazos-tiro,málaga,terrazos tiro,andalusia,1-10,terrazostiropichon.com
spain,,qem56vChT1wS3XBdfStUtgYSwei6,construction,linkedin.com/company/ruso-interiorisme-sl,barbera del valles,ruso interiorisme sl,catalonia,11-50,
spain,,watAxuJTXUrVbFA3YsRKIQEXkGYC,construction,linkedin.com/company/gmg-internacional-servicios-integrales-para-empresas-y-particulares-sl,madrid,gmg internacional servicios integrales para empresas y particulares sl,community of madrid,1-10,
spain,,BzmNO2JrU9ct4mBgUbwySgAlMShe,construction,linkedin.com/company/setur-costainver-sl,oliva,setur costainver sl,valencian community,11-50,
spain,,8Kbr09D8CwWA3CoBi6GO4AFxInOi,construction,linkedin.com/company/conetcom-consultoria-y-comunicaciones-sl,,conetcom consultoria y comunicaciones sl,community of madrid,11-50,
spain,1979,naZKCOxqyUmAFT1VkW68OAdWPRuH,construction,linkedin.com/company/promotion-san-isidro-siglo-xxi-sl,alicante,promotion san isidro siglo xxi sl,valencian community,11-50,
spain,,uq2t41UTi9JB4qxsZUAfpgO3PDYR,construction,linkedin.com/company/franesarju-cerros-blancos-sl,,franesarju cerros blancos sl,,11-50,
spain,,agiVSzogACJyzSwdJdOv1AFXqH37,construction,linkedin.com/company/comercio-ambulante-burgales-sl,burgos,comercio ambulante burgales sl,castilla and león,1-10,
spain,,MwEmCze6CDxbnYzOLS1NJQzVwTvM,construction,linkedin.com/company/polkar-spain,sampedor,polkar spain,catalonia,1-10,polkarspain.com
spain,,h0TLJbhIiN4FpmJQQ9KfrwmAFDfW,construction,linkedin.com/company/grupo-bufat-asesores-sl,es castell,grupo bufat asesores sl,balearic islands,1-10,
spain,,jFfns4j2KkNCBvCkp2LXZQEQpooZ,construction,linkedin.com/company/ara-project-2011-sl,sevilla,ara project 2011 sl,andalusia,1-10,
spain,,v9cNpwrWRIVTPj0n476YaACPCGch,construction,linkedin.com/company/mortero-autonivelante-y-solados-de-andalucia-sl,sevilla,mortero autonivelante y solados de andalucia sl,andalusia,1-10,
spain,,hMaGSlZxa2x09W41Aw1MgwS9ZtCH,construction,linkedin.com/company/cristaleria-ur,bergara,cristaleria ur,basque country,1-10,cristaleriaur.es
spain,,9GbiClUsUx6iszZZFU9kkA0ukIXS,construction,linkedin.com/company/international-submarine-projects-sl,cartagena,international submarine projects sl,region of murcia,1-10,
spain,,FfgIIdQq8YIk9s8j9TEskgRETaFf,construction,linkedin.com/company/dytureforma-sl,ourense,dytureforma sl,galicia,11-50,vyqreformas.com
spain,,LAM0eLDUpYq74HCS7qGQdwuRmoJT,construction,linkedin.com/company/cristalería-viatek,hernani,cristalería viatek,basque country,1-10,viatek.es
spain,,zoldVtDfBbVPZmwrRvGeuA5lp7mU,construction,linkedin.com/company/gesahbox-sl,alcalá de henares,gesahbox sl,community of madrid,1-10,
spain,,gzVd5sIzLubBMVpsb4BfvQqSeL2f,construction,linkedin.com/company/inmuebles-y-desarrollos-urbanos-sl,universitat illes balears,inmuebles y desarrollos urbanos sl,balearic islands,11-50,
spain,,guo5SVLzqVHkwzVQhw3efQHdHeNj,construction,linkedin.com/company/climanvalles,castellar del valles,climanvalles,catalonia,1-10,climanvalles.es
spain,,qZ8td3jl6PFUjQM2NfCq0wfogSDM,construction,linkedin.com/company/aberas-proyectos-sl,berástegui,aberas proyectos sl,basque country,1-10,
spain,1992,h4tiYrsM4DoelMURj8FlpAQJJqyd,construction,linkedin.com/company/cerbel-suministros-s-l-,molina de segura,"cerbel suministros, s.l.",region of murcia,1-10,cerbel.es
spain,1940,y5odENxa6MToEejn5XSHmgLPcYuG,construction,linkedin.com/company/collegi-arquitectura-tecnica-de-girona,girona,col·legi de l'arquitectura tècnica de girona,catalonia,11-50,catgi.cat
spain,,fR3pObd62FECn2Bd7zWywwO5tGZs,construction,linkedin.com/company/korraletxe-isasi-sl,sondika,korraletxe isasi sl,basque country,11-50,
spain,,kItMZb1IhCcSUUc3Bn0K9QYsANJc,construction,linkedin.com/company/soluconst,la matanza de acentejo,soluconst,canary islands,1-10,soluconst.com
spain,,HxSwL4mfKkEPePJpdu9jXQx6Wqj4,construction,linkedin.com/company/macontor,tordesillas,macontor,castilla and león,1-10,macontor.com
spain,,1jVJ3eORsJltNRMsVDnm8Q8Bz4Rh,construction,linkedin.com/company/donostyletours-sl,donostia,donostyletours sl,basque country,1-10,
spain,2005,CDlJXLDnGNVLDSLR7Fj1JgRNuivs,construction,linkedin.com/company/serboniu,lleida,serboniu sl,catalonia,11-50,serboniu.com
spain,,vf7NM4f6ibYCdQStC2B2OwG3LP0d,construction,linkedin.com/company/grupo-bordex-sl,quinta,grupo bordex sl,canary islands,1-10,
spain,,sBd1AQCCr4Qz3qdi7BhUkAFRMCP1,construction,linkedin.com/company/psittamustela-sl,villaviciosa de odón,psittamustela sl,community of madrid,1-10,
spain,,lsrvxa2MwJiXTX2K6PdzJAWgDnbZ,construction,linkedin.com/company/illa-infraestructuras-sl,elche,illa infraestructuras sl,valencian community,1-10,
spain,1998,SroC00OCsaCfw3YKgR1NNAgOTSG3,construction,linkedin.com/company/grup-joan-garau,capdepera,grup joan garau,balearic islands,11-50,grupjoangarau.com
spain,,uyHhkg3vPPe4wsx3sjlM4gAWAzVt,construction,linkedin.com/company/fireclose-sl,murcia,fireclose sl,region of murcia,1-10,
spain,,hfq3ywCXZk0bdfOXyHWbrwW1JPMx,construction,linkedin.com/company/marlai-serveis-integrals-sl,barcelona,marlai serveis integrals sl,catalonia,1-10,
spain,,AIhfk02fSR1cFW8jkDDhKAao0eZF,construction,linkedin.com/company/basi-multiservicios-sl,madrid,basi multiservicios sl,community of madrid,11-50,
spain,,hlBL3qTm9yFvCXd1s8Hs7QCoDB2n,construction,linkedin.com/company/multiserveis-david-sl,l'hospitalet de llobregat,multiserveis david sl,catalonia,1-10,
spain,,YmGwK4QuOUrUpgaDecNjBgQLACUl,construction,linkedin.com/company/jose-sanchez-ayala-sl,lliça de vall,jose sanchez ayala sl,catalonia,11-50,
spain,,BbT14BIb1czI56jx4GZCsQm5Cz4w,construction,linkedin.com/company/electrozira-sl,alcira,electrozira sl,valencian community,1-10,
spain,,bzgyVCLJI2TVDB9XxfWloACUcxsk,construction,linkedin.com/company/promotora-asturcasa-2007-sl,llanes,promotora asturcasa 2007 sl,asturias,11-50,
spain,,unU3199VKh3fDMEWSO04fQYfqpHv,construction,linkedin.com/company/aillaments-tecnics-cardedeu-sl,cardedeu,aillaments tecnics cardedeu sl,catalonia,11-50,
spain,,VLjAaBwJfTiV9UkNZhsV6gtCiR0K,construction,linkedin.com/company/instalaciones-y-comunicaciones-sismain-sl,ceuti,instalaciones y comunicaciones sismain sl,region of murcia,11-50,
spain,,XpZqm6yhU4l00JdyV6FZ3gJ4Fgca,construction,linkedin.com/company/acemar-2011-sl,alicante,acemar 2011 sl,valencian community,1-10,
spain,,RVtGV5MS73UPhCzpuogPQQh5NCRe,construction,linkedin.com/company/inshercat-installacions-i-serveis-sl,calldetenes,inshercat installacions i serveis sl,catalonia,11-50,
spain,,eCcBLD8e7RpioHCT7aBKdgT9bKLL,construction,linkedin.com/company/costa-sunset-constructiones-sl,calpe,costa sunset constructiones sl,valencian community,11-50,
spain,1985,Wx3ODJVEmNOicSJCivq9EQcKX9du,construction,linkedin.com/company/ibide-fitting-plastic-sl,,ibide fitting plastic sl,,11-50,
spain,,m9hUIJZArFxU9aK6FCWpZg6HqIKz,construction,linkedin.com/company/viario-a31-sa,alicante,viario a31 sa,valencian community,11-50,
spain,1994,m4ECHe8fNYNxQVKASOfseAWaZsBQ,construction,linkedin.com/company/intervallum,humanes de madrid,intervallum,community of madrid,1-10,intervallum.es
spain,,a7w1FIUlQDYy2eCpBRQZ3wj4xjuK,construction,linkedin.com/company/intercon-decoracion-sl,madrid,intercon decoracion sl,community of madrid,11-50,intercondecoracion.com
spain,,EvVr0418QxEIUmttWZPc6ALBhUZw,construction,linkedin.com/company/grupo-maestre-girona-sl,,grupo maestre girona sl,,11-50,
spain,,jlinNGWcFceHgsxW0xBKjwfYGXds,construction,linkedin.com/company/sumelfon,campillos,sumelfon,andalusia,1-10,sumelfon.com
spain,,LAMC7kxlA3jHS9UhkgdelAKs1eMS,construction,linkedin.com/company/landscaping-mantenimiento-integral-sl,la línea de la concepción,landscaping mantenimiento integral sl,andalusia,1-10,
spain,1995,K75pyB0WsbET5CVTdCiowQPjSFw6,construction,linkedin.com/company/turbosat-climatización,arganda del rey,turbosat climatización,community of madrid,1-10,turbosat.es
spain,1998,QRHdYEXWYOYOgkThkP5t8ADgHvfa,construction,linkedin.com/company/ktl-españa,sevilla,ktl españa,andalusia,11-50,
spain,,dZaw3812yP2RBfyB2u3oJw5fuCov,construction,linkedin.com/company/maderas-hermes-sl,alcudia,maderas hermes sl,balearic islands,1-10,
spain,,6yHBgU5FpzfnHdwckEjfpQrSFaFR,construction,linkedin.com/company/camping-bravoplaya,velilla de san antonio,camping bravoplaya,community of madrid,1-10,bravoplaya.com
spain,,JagQWCOltds121B47RnlfgRGQjPt,construction,linkedin.com/company/chiyu-sl,pontevedra,chiyu sl,galicia,11-50,
spain,,5Yar3uU1h6dGUanrXtrRngK1Tyt7,construction,linkedin.com/company/chulastan-sl,tarragona,chulastan sl,catalonia,1-10,
spain,,7zZSYekrek9rSZFQ02WD0As1iyY7,construction,linkedin.com/company/aimar-lg99-construccion-sl,madrid,aimar lg99 construccion sl,community of madrid,11-50,
spain,2009,xe9mgONvYkm6gRsrZ0vOZA55hq3w,construction,linkedin.com/company/montajes-atari-sl,tarragona,montajes atari sl - reforma vilaseca,catalonia,1-10,montajesatari.es
spain,,qGqMGiGhj2p0D12xe1S3rA8mz9Tr,construction,linkedin.com/company/construcciones-e-inversiones-fuentealto-sl,las palmas,construcciones e inversiones fuentealto sl,canary islands,1-10,
spain,,yIFNkWIPt6ptZvwOfSYLtAxGN2qH,construction,linkedin.com/company/grancorr-stone-sl,alicante,grancorr stone sl,valencian community,1-10,
spain,2008,dfsqdoCMjV923yLOPGgZTw0FSHuw,construction,linkedin.com/company/akeor-group,bilbao,akeor group,basque country,11-50,akeor.com
spain,,bQ1yZ2e9cShX10x8iBPSEgQGXObN,construction,linkedin.com/company/todoelectrico-suministros-e-instalaciones-sl,alicante,todoelectrico suministros e instalaciones sl,valencian community,1-10,
spain,,JwZUm6UKGwKiDVO7QvuMcQgoW0zp,construction,linkedin.com/company/instalaciones-electricas-mogasa-sl,esplugues de llobregat,instalaciones electricas mogasa sl,catalonia,11-50,
spain,,KDPS5riqpDWFVwuArUp0uQTjvYwq,construction,linkedin.com/company/la-manchester-radiofonica-sl,sabadell,la manchester radiofonica sl,catalonia,1-10,
spain,,6B9uk7JgRPptniyNQ4gYeAZvMvcg,construction,linkedin.com/company/sedesa-infraestructuras,valencia,sedesa infraestructuras,valencian community,11-50,sedesainfraestructuras.com
spain,,VFwIF7owedXevlkLWIMxEgggsKJS,construction,linkedin.com/company/rodriguez-y-avila-sl,villaviciosa de odón,rodriguez y avila sl,community of madrid,11-50,rodriguezavila.com
spain,,Npa1WiXQTP2OXfVdzmvBXAncN0Tr,construction,linkedin.com/company/safurdao-sl,girona,safurdao sl,catalonia,1-10,
spain,,CB0plYgAt0FxKQVEP9dSswVOnK3B,construction,linkedin.com/company/hormisever-sl,,hormisever sl,,11-50,
spain,1992,qqcrg90nMuSVA3cmY0Z0BwyqmxkQ,construction,linkedin.com/company/gilmon-s-carpinteros-de-madera,barcelona,gilmon`s carpinteros de madera,catalonia,1-10,instagram.com/portugalbarcelonaenaccion
spain,,KxnByb9CVZWgSJw3s5ChDA9As4lq,construction,linkedin.com/company/penalba-y-ginesta-sl,,penalba y ginesta sl,,11-50,
spain,,RKfIpIl4DG380WkzhLvs2gyZLheS,construction,linkedin.com/company/servicios-integrales-donat-sl,tres cantos,servicios integrales donat sl,community of madrid,1-10,
spain,,lG8g7BoWYDZPnsJ7uMyxTw95zhBw,construction,linkedin.com/company/construcciones-y-granitos-merchan-sl,,construcciones y granitos merchan sl,,11-50,arteroca.es
spain,,EPMqXiq8pnqB1vNtlAaCMwEUnEgf,construction,linkedin.com/company/entre2-2014-sl,huelva,entre2 2014 sl,andalusia,1-10,
spain,,PGukRKou6FGxkIgbJSBQOgpktw2O,construction,linkedin.com/company/fontanería-mumart,ugena,fontanería mumart,castilla-la mancha,1-10,fontaneriamumart.com
spain,,dTKi3MgiG9u5pCmUBBQxggY8zt2P,construction,linkedin.com/company/pinturas-muro-sl,alicante,pinturas muro sl,valencian community,11-50,pinturasmuro.es
spain,,rkcD6TCtkI7ESUdk9BoTTgrYdUnN,construction,linkedin.com/company/lasa-electrificaciones-sl,sevilla,lasa electrificaciones sl,andalusia,1-10,
spain,1981,g1kDDcGGPDiv1BvCCp5k4wLqu0pf,construction,linkedin.com/company/esculpedra-granival,vilamartin de valdeorras,esculpedra & granival,galicia,1-10,
spain,,VDXUb8Y2WEwfpGSXsydjigGpGhXW,construction,linkedin.com/company/instalaciones-y-servicios-benacantil-sll,alicante,instalaciones y servicios benacantil sll,valencian community,1-10,
spain,,BcFgsdiiVU9t2ZB8bNlMhwvsAkrH,construction,linkedin.com/company/sic-bosch,san celoni,sic bosch,catalonia,1-10,sicbosch.com
spain,,jHB8rUPH3vGmTXCWCWRZ3gLp0D1H,construction,linkedin.com/company/home-&-living-servicios-inmobiliarios-sl,,home & living servicios inmobiliarios sl,community of madrid,1-10,
spain,,9pJKgXfBjqwC8mWjDkZ99wy2wd3I,construction,linkedin.com/company/promociones-inmobiliarias-jomar-2003-sl,cúllar-vega,promociones inmobiliarias jomar 2003 sl,andalusia,1-10,
spain,,UBciP476V9zHffwTQDCNeginHDvV,construction,linkedin.com/company/iberocool-mantenimientos-sl,azuqueca de henares,iberocool mantenimientos sl,castilla-la mancha,1-10,
spain,,0IYtu9viz2AGnIIrw6diuwstNrH1,construction,linkedin.com/company/salbi-instalaciones-electricas-sl,vitoria-gasteiz,salbi instalaciones electricas sl,basque country,1-10,
spain,,nZbqPwxBLGCRdBS2DEccOwSkCgvy,construction,linkedin.com/company/vamoz-marbella-sl,málaga,vamoz marbella sl,andalusia,1-10,
spain,,GkS8T1pZSnhWgq2oITCm3AtZ1KDI,construction,linkedin.com/company/instalaciones-carrera,san andrés de la barca,instalaciones carrera,catalonia,1-10,instalacionescarrera.es
spain,,tIVKcF6XiYhalxo1vXPDBAfPZ0cn,construction,linkedin.com/company/decorvent,esplugues de llobregat,decorvent,catalonia,1-10,decorvent.es
spain,,6BrpmGCyS1ArT8IJVqoDZQkycbAd,construction,linkedin.com/company/trades-and-services-direct-limited,madrid,trades and services direct limited,community of madrid,1-10,tsdirect.biz
spain,,WwHHx1XmasLpo18X9Fmijgm7e2cP,construction,linkedin.com/company/proyca-construcciones-y-vias-sl,san fernando de henares,proyca construcciones y vias sl,community of madrid,11-50,
spain,,mC7Uunvf5FVwdBPSzKhiKgTBEptY,construction,linkedin.com/company/eka-constructora-inmobiliaria-para-el-futuro-sl,platja d'aro,eka constructora inmobiliaria para el futuro sl,catalonia,11-50,
spain,,lQxACwp1AnxTB9pYsNQC7QjoEtVs,construction,linkedin.com/company/construcciones-bernaola-gil-sl,,construcciones bernaola gil sl,,11-50,
spain,,45IxjnYaprzTZYCdXD9B8gCzZtQ7,construction,linkedin.com/company/dbiz-instalaciones-y-servicios-industriales-sl,zierbena,dbiz instalaciones y servicios industriales sl,basque country,1-10,
spain,,Odx5VDADBrsNhAIuoqiAlQqJ5mm7,construction,linkedin.com/company/euskal-telecom-sl,galdácano,euskal telecom sl,basque country,11-50,
spain,,8Pmg4np3ZB1mUp7ccjGldQsm2rZ9,construction,linkedin.com/company/galeria-escuela-imix-sl,alicante/alacant,galeria escuela imix sl,valencian community,11-50,
spain,,nxgvVAe2LEtC1BJqReZ4VwKco2Bg,construction,linkedin.com/company/grupo-tecnico-en-construccion-de-lucernarios-sl,soto del real,grupo tecnico en construccion de lucernarios sl,community of madrid,11-50,
spain,,8ForXDLCmxl4UV5qh5g8kwrI0N6s,construction,linkedin.com/company/garcia-y-montenegro-construcciones-sl,venturada,garcia y montenegro construcciones sl,community of madrid,1-10,
spain,,Qi8droj26rv9pBiTIbLuhQGTTtYf,construction,linkedin.com/company/restauraciones-cantomar-sl,el puerto de santa maría,restauraciones cantomar sl,andalusia,11-50,
spain,,Kt3Yw3CBBwXZyiMrCdWs9AMQzJHG,construction,linkedin.com/company/carpintería-andrés-cárdenas,bailén,carpintería andrés cárdenas,andalusia,1-10,carpinteriaandrescardenas.blogspot.com.es
spain,,BBJQ1dBerCFOTbs1p8yfxw1YNONJ,construction,linkedin.com/company/qualitat-i-biologia-sl,barcelona,qualitat i biologia sl,catalonia,1-10,
spain,,ocXTMo0muM1lt6QMbYFo0wpG5dqy,construction,linkedin.com/company/electroguer-levante-sl,alicante,electroguer levante sl,valencian community,11-50,
spain,,SJRXcSR5R85V0iNoQwoYmAmFn1ax,construction,linkedin.com/company/instalaciones-electricas-frajulux-sl,granada,instalaciones electricas frajulux sl,andalusia,11-50,
spain,,gEpFXgRtBx72oCWk9OYu3wwwhVxx,construction,linkedin.com/company/infomaner-sl,madrid,infomaner sl,community of madrid,11-50,
spain,,DHQLQmXMXOBP4mkK1sct7gUO7ptk,construction,linkedin.com/company/cubiertec-sl,alicante,cubiertec sl,valencian community,11-50,
spain,1979,4SlyVyXf0T6aSZmHEfeVlgHqJ2D5,construction,linkedin.com/company/ingeniería-y-servicios-ferroviarios-sa,molins de rei,infesa,catalonia,11-50,infesa.es
spain,,Q36p2kK0bogZMWcSulKH8wa9jbAK,construction,linkedin.com/company/cerrajeria-villajoyosa-sl,alicante,cerrajeria villajoyosa sl,valencian community,1-10,
spain,,Bto7DO7HKxK34rQbfJ8vQgtYfTnS,construction,linkedin.com/company/construcciones-y-reformas-samer-sl,,construcciones y reformas samer sl,,11-50,
spain,,bSo1pUJyLSXt5IuBaODhtAEH518C,construction,linkedin.com/company/elyte-instalaciones-integrales-sl,collado-villalba,elyte instalaciones integrales sl,community of madrid,1-10,
spain,,a1LECV1efctaVinkUrhXrA8TpLfE,construction,linkedin.com/company/construcciones-careco-sa,,construcciones careco sa,,11-50,
spain,,Kjxm6HEh71nhE1wTbY5a8AQfyD6d,construction,linkedin.com/company/qualityvip-valles-sl,la roca del valles,qualityvip valles sl,catalonia,1-10,
spain,,ccQmvbn5oYonOEhCtlC1vQYJwte3,construction,linkedin.com/company/asesores-inmobiliarios-cima-sl,huelva,asesores inmobiliarios cima sl,andalusia,11-50,
spain,,FCAEB7ekB2RhK2FaQOHD6AS4INaf,construction,linkedin.com/company/electrotecnica-ofel-sl,sabadell,electrotecnica ofel sl,catalonia,11-50,lumi.es
spain,,IdAuLvGBEsWmElHF37zusgAmnR45,construction,linkedin.com/company/construcciones-gaide,almería,construcciones gaide,andalusia,1-10,construccionesgaide.com
spain,,PqwSzsYJ7MQUoYwWfc9xNQDaNGaL,construction,linkedin.com/company/casa-del-agua-servicios-integrales-sll,jerez de la frontera,casa del agua servicios integrales sll,andalusia,11-50,
spain,,1q7wMyCRq2ZtluMkSes68AgPbXS1,construction,linkedin.com/company/montajes-electricos-el-barrudo-sl,toledo,montajes electricos el barrudo sl,castilla-la mancha,1-10,montelba.com
spain,,VT3XIGqGCZivABpFMygGjQKDdpyj,construction,linkedin.com/company/urbanizacion-marina-golf-sl,vigo,urbanizacion marina golf sl,galicia,11-50,
spain,,JFtUFBCe00wO6BFsMOzH2wtubspX,construction,linkedin.com/company/construcciones-alberto-martinez-sl,,construcciones alberto martinez sl,,11-50,
spain,,VHQLT1WEgpLbqBheHAF3hQ53PnNs,construction,linkedin.com/company/ibarob-sl,medina de pomar,ibarob sl,castilla and león,1-10,
spain,,FqJyBujiGGyZ1pwnBNJfeALua9XI,construction,linkedin.com/company/ingenieria-y-construcciones-angel-sl,,ingenieria y construcciones angel sl,ceuta,1-10,
spain,,Iuz52006F93liwk1mV2WJga22dre,construction,linkedin.com/company/cuatroaguas-grupo-sl,ruente,cuatroaguas grupo sl,cantabria,1-10,
spain,,x977PABndqImktGZnYFDcA3dMJvV,construction,linkedin.com/company/construcciones-rodriguez-sl,,construcciones rodriguez sl,,11-50,
spain,,6rQ5Li8rkwy6o1zNxPMLIwN1xfqq,construction,linkedin.com/company/dayler-export-sl,barcelona,dayler export sl,catalonia,1-10,
spain,,02N5Coxm6FtKDNVG9QoRLgtFFQAJ,construction,linkedin.com/company/reformas-aracons-sl,zaragoza,reformas aracons sl,aragon,1-10,
spain,,xDPiq7u1wzNOFGx7kdijTgrjveKs,construction,linkedin.com/company/fusteria-pallàs,vielha e mijaran,fusteria pallàs,catalonia,11-50,fusteriapallas.com
spain,,6rKI3mb7QnW3iotNwQA4aQuBiqgZ,construction,linkedin.com/company/mila-energia-sl,almería,mila energia sl,andalusia,1-10,
spain,,cgWLBOMy6aeP7bnAABAoCwi9vrOz,construction,linkedin.com/company/excavaciones-y-derribos-franco,godelleta,excavaciones y derribos franco,valencian community,1-10,excavacionesyderribosfranco.es
spain,,J75ha0ZTcxBN6tSBYIy4KQxol6qu,construction,linkedin.com/company/aram-construction-&trading-sl,málaga,aram construction &trading sl,andalusia,1-10,
spain,,82TGGJjncCDrFiMCYbkduge9vvwB,construction,linkedin.com/company/palm-real-state-investments-sl,san felíu de guixols,palm real state investments sl,catalonia,1-10,
spain,,LfhEVQ8dYqHiJZDOBnCgQgijnQgR,construction,linkedin.com/company/ohcansa-urbana-sl,,ohcansa urbana sl,,11-50,
spain,,l6vQEy4b7YAl5yAaBdjbhwrvoznO,construction,linkedin.com/company/lucas-brillante-star-sl,barcelona,lucas brillante star sl,catalonia,1-10,
spain,,jWI5BmDsZGhc9gNgyfPoYQi5jUj0,construction,linkedin.com/company/laforpolito-sl,universitat illes balears,laforpolito sl,balearic islands,1-10,
spain,,iyInYCyzRwle3vVI1BMIUQzfmQkj,construction,linkedin.com/company/federación-española-de-pavimentos-de-madera,,federación española de pavimentos de madera,community of madrid,1-10,fepm.es
spain,,QnjJRZs1ig3LIbOf4wxjiQk8UNIn,construction,linkedin.com/company/construcciones-arquitrave-catalunya-sl,molins de rei,construcciones arquitrave catalunya sl,catalonia,11-50,
spain,,d66gZ2M4ZMs1ChWyGyEStgU0yYQx,construction,linkedin.com/company/camino-puertas-madera-y-servicios-auxiliares-sl,olías del rey,"camino, puertas, madera y servicios auxiliares sl",castilla-la mancha,1-10,
spain,,Q79BPq3BGSia2cmAd5EkhQo5L5E1,construction,linkedin.com/company/instalaciones-electricas-valdeluz-sl,valdemaqueda,instalaciones electricas valdeluz sl,community of madrid,1-10,electricidad-valdeluz.com
spain,1998,r311ph3TE72KjFRFGr5L9gs3Ydj6,construction,linkedin.com/company/pavilum,alicante,pavilum,valencian community,1-10,pavilum.com
spain,2018,UKEspB6THS2WCMnacK7shwhitAId,construction,linkedin.com/company/4u-home-staging,madrid,econvives proyecta soluciones sl,community of madrid,1-10,4uhs-arquitectura.com
spain,,D6olnpuMFYWZmbByRLDrBgwZUoGk,construction,linkedin.com/company/ars-navigandi,,ars navigandi,,1-10,arsnavigandi.info
spain,,sel8k4zGenLnDLptzyhurQPnMUyl,construction,linkedin.com/company/instal·lacions-olesa-s.l,olesa de montserrat,"instal·lacions olesa, s.l",catalonia,1-10,
spain,,ITZIF4GXKDuFQvEUBLuvGQojjiUi,construction,linkedin.com/company/reparacion-y-mantenimiento-networking-sl,madrid,reparacion y mantenimiento networking sl,community of madrid,1-10,
spain,,iqBftfi6eJITpb6gv0exmwwJ8pce,construction,linkedin.com/company/marmoles-cocisa-sl,coruña,marmoles cocisa sl,canary islands,1-10,
spain,2014,ge1mrMm3xwhrG7bkmBvZqQHxJw7c,construction,linkedin.com/company/grupo-s,,grupo s,community of madrid,11-50,inovadora-sim.com.br
spain,,vveRhmLLVRiMNkfpiUyYygDEm5BM,construction,linkedin.com/company/centro-de-educacion-infantil-guarderia-el-principito-sl,cadiz,centro de educacion infantil guarderia el principito sl,andalusia,1-10,
spain,,GiJy6dta5qDXE8usykYNEwdGzjYK,construction,linkedin.com/company/trazado-urbano-integral-sl,,trazado urbano integral sl,community of madrid,1-10,
spain,2007,2aGmA4mYe1JSe2ZEkFMSiALO0czl,construction,linkedin.com/company/podiumwinsl,vigo,podium win,galicia,11-50,
spain,,ApgOlUllQvJCxWVJsUh9HgYKgod4,construction,linkedin.com/company/construccions-mircar-sl,,construccions mircar sl,,11-50,
spain,,ggmtZ0cuAhQC6SBSM4ylMANo2lgu,construction,linkedin.com/company/construcciones-almeida-sl,las palmas,construcciones almeida sl,canary islands,11-50,
spain,,WANv2yqSVZlaKOBuLbBrGQlNaJOJ,construction,linkedin.com/company/soluciones-steel-urban-sl,madrid,soluciones steel urban sl,community of madrid,1-10,
spain,,vei8Kijog9s1FlaTpymVogj7P9pF,construction,linkedin.com/company/as-electrospain-24-horas-sl,alicante,as electrospain 24 horas sl,valencian community,11-50,
spain,,7e3DgmBCvqPGHvh8gBuc8gBiMRDm,construction,linkedin.com/company/vazquez-martinez-construcciones-y-reformas-sl,ronda,vazquez martinez construcciones y reformas sl,andalusia,1-10,
spain,1980,otDwtiYyA7HBG0Scd2muGg4zqY7s,construction,linkedin.com/company/construcciones-jose-martin-s-a-,logrono,josé martín construcciones,la rioja,11-50,cjosemartin.com
spain,,2lTr3DegCUf74vDXdzCPIgPFULud,construction,linkedin.com/company/prealsec-integral-sl,figueres,prealsec integral sl,catalonia,1-10,
spain,,Yb8KzaFRofAYkrmpTCci0A3CrmjY,construction,linkedin.com/company/electronalon-sl,,electronalon sl,,1-10,
spain,,n2KLZLW2uCZjWzjz8f2MrQt93rwV,construction,linkedin.com/company/bonnet-cars-siglo-xxi-sl,zaragoza,grupo bonnet s.l.,aragon,1-10,
spain,,lEhjBAEMWyCcc2QvmhIi9AHA92Cc,construction,linkedin.com/company/montub-los-barrios-sl,los barrios,montub los barrios sl,andalusia,11-50,
spain,,RhUfkHvEm5EO0HbXtarv2QEhstyg,construction,linkedin.com/company/pinturas-lanceta-ochoa-sl,san fernando,pinturas lanceta ochoa sl,andalusia,11-50,
spain,,B8Wrr3WuFMS4YICCsqbYBQiTmGj1,construction,linkedin.com/company/la-rosa-percusion-sl,humanes de madrid,la rosa percusion sl,community of madrid,1-10,larosapercusion.com
spain,,CWGaAYzFCTC8Sehltm6C7wCCKcCO,construction,linkedin.com/company/sala-pasatiempos,pamplona,sala pasatiempos,navarre,1-10,salapasatiempos.es
spain,,fCQi9F1gRWbGcCIvB9GBSAMuAHaD,construction,linkedin.com/company/telecomunicaciones-bolintxu-sl,bilbao,telecomunicaciones bolintxu sl,basque country,1-10,
spain,,WyAtoPxF8SVLhr1FQhmBWwrX7zvL,construction,linkedin.com/company/inversiones-oslo-4-sl,alicante,inversiones oslo 4 sl,valencian community,1-10,
spain,1999,pFUVJdYYJr70j0NeH8APBgyhsHEm,construction,linkedin.com/company/p-rgolasalmer-a,,pérgolasalmería,,11-50,pergolasalmeria.com
spain,,0JKjtZtksS18hZOvEwsDMA2uQnpd,construction,linkedin.com/company/revestimientos-proyesco-sl,murcia,revestimientos proyesco sl,region of murcia,11-50,
spain,,cnsyDj0CqwgOshtAqNCwRAi0UKOS,construction,linkedin.com/company/valindia-servicio-sl,alfafar,valindia servicio sl,valencian community,1-10,
spain,,dyrNmJDa5MyXLLyXnT2H4QDPARkL,construction,linkedin.com/company/datati252-sl,úbeda,datati252 sl,andalusia,1-10,
spain,,y2tCpY7Udvt6RYGquaiobQyvj6dq,construction,linkedin.com/company/j-c-marshall-construction-inc-,madrid,"j.c. marshall construction, inc.",community of madrid,1-10,jcmarshallconstruction.com
spain,,0eG2mxo7I90BInhMB9UBJgdPSMYi,construction,linkedin.com/company/hermanos-carballo-corsino-sl,cáceres,hermanos carballo corsino sl,extremadura,1-10,
spain,,bjMYB5I2BXj4JYNq0HmBlANrzycm,construction,linkedin.com/company/licogisa-sa,,licogisa sa,,11-50,
spain,,78kovgFUjdUCwWwrIv8sQA3Fwst4,construction,linkedin.com/company/garcia-vidal-instalaciones-sl,blanes,garcia vidal instalaciones sl,catalonia,11-50,
spain,,Ciwso04TvnFmuDSF3BBi9gjm9z59,construction,linkedin.com/company/construcciones-martinez-albujón-s-l-,,construcciones martinez albujón s.l.,,1-10,construcciones-cma.com
spain,,wPCwQXI1gInCVRCBp0ZwCQgnNjMs,construction,linkedin.com/company/confortclima.-todos,sevilla,confortclima. todos,andalusia,1-10,confortclima.es
spain,2013,oECkIi797NOFwAvbjllobgvfvfSW,construction,linkedin.com/company/divad-servicios-integrales-sl,madrid,divad servicios integrales sl,community of madrid,1-10,divadexpress.com
spain,,BtGbRcYGthsQFuUHUaqY4g4rMRxk,construction,linkedin.com/company/jonjo-investments-sl,los alcázares,jonjo investments sl,region of murcia,1-10,
spain,,hUXQCAghbHBKgxqyEth34gXh5W5k,construction,linkedin.com/company/electricidad-azanza-sl,la nave,electricidad azanza sl,castilla and león,1-10,electricidadazanza.com
spain,,j9CU8YkB4JoSM3KIMB34iAKEFhGu,construction,linkedin.com/company/idrisiya-la-reforma-integral-sl,barcelona,idrisiya la reforma integral sl,catalonia,1-10,
spain,,oZ5jCqTVfA6abVZfOQkXWwBJSiyZ,construction,linkedin.com/company/construcciones-y-formas-apesan-sl,murcia,construcciones y formas apesan sl,region of murcia,1-10,
spain,,xTkgTInocYPWrwnOjWIBcgO5MV4x,construction,linkedin.com/company/instalaciones-electricas-senon-s.l.l,,instalaciones electricas senon s.l.l,community of madrid,1-10,instasenon.es
spain,1990,BxSHw0EvUydPWDTx410YlgvNxphJ,construction,linkedin.com/company/tektia,vargas,tektia es excavaciones gaby,cantabria,51-200,excagabi.com
spain,,4nYLY0CGZoPGcFvXHCUZPwFp7CtR,construction,linkedin.com/company/conduct-projects-limited,madrid,conduct projects limited,community of madrid,1-10,conductprojects.co.nz
spain,,CkbWTvFCEbpQizP0tcXQewH2UzMd,construction,linkedin.com/company/auxiliar-de-montajes-alfa-sl,pinseque,auxiliar de montajes alfa sl,aragon,51-200,
spain,,ou266YvQt6vHc6BvIXCecgX9z5eD,construction,linkedin.com/company/cullemar-sl,cullera,cullemar sl,valencian community,11-50,cullemar.com
spain,,Yv8yKANHE2LP28d7CJgkogVsLbRz,construction,linkedin.com/company/coproin-sistemas-y-diseños-sl,madrid,coproin sistemas y diseños sl,community of madrid,1-10,
spain,,MAeszgmQn7az1VtJG7TNzwczn0OD,construction,linkedin.com/company/arquitectura-y-decoracion-asociada-igfebe-sl,vigo,arquitectura y decoracion asociada igfebe sl,galicia,11-50,pavial.com
spain,,Gz5QFAYQNXRSBHnDd5pUuAW80G3f,construction,linkedin.com/company/tecnicas-e-instalaciones-electricas-salamanca-sl,salamanca,tecnicas e instalaciones electricas salamanca sl,castilla and león,51-200,
spain,,c5EBrB2w5zT8s98CJPMLgQ796bv3,construction,linkedin.com/company/canteras-isidro-otero-sl,lugo,canteras isidro otero sl,galicia,11-50,
spain,2015,TPTDOtKWe592gCaxq4oO6gwdA9JS,construction,linkedin.com/company/sistengestion,ourense,sisten gestion sl,galicia,1-10,
spain,,KhZpPVBUrlE8R1fSjaBDGAyP3kvc,construction,linkedin.com/company/leostroy-reforma-sl,marratxi,leostroy reforma sl,balearic islands,1-10,
spain,,C6NtOLXC6nBCc3kJyCWL3Q5eGbTG,construction,linkedin.com/company/centro-de-inversiones-totem-sl,polinyá,centro de inversiones totem sl,catalonia,1-10,
spain,2023,RJFV0YxCUrdB1g6oujalfAK1kNlL,construction,linkedin.com/company/bm-gestion-de-proyectos-y-obras,ibiza,bm gestion de proyectos y obras,balearic islands,1-10,bmgproyectos.com
spain,,2BF2jt8TCZFRageu3CxSCAMHwZk0,construction,linkedin.com/company/nino-obras-y-reformas-sl,san pedro de ribas,nino obras y reformas sl,catalonia,1-10,
spain,,jAHEHAAj9b97KlkLpIbbGQ2LTCxY,construction,linkedin.com/company/hammam-palma-sl,palma,hammam palma sl,balearic islands,1-10,
spain,,RjwCVc8pxrWzCWaadhdelgO36xVQ,construction,linkedin.com/company/ionpositivo-sl,,ionpositivo sl,ceuta,1-10,
spain,,hXbbqdtL9svZH66zuBYyCAoDXUkU,construction,linkedin.com/company/multiservicios-avanzados-ombu-sl,san vicente del raspeig,multiservicios avanzados ombu sl,valencian community,1-10,
spain,,s3Cusv3t6u4AZxO7T1i1QA5Ydcz5,construction,linkedin.com/company/maderarte-parquet-sl,,maderarte parquet sl,,11-50,
spain,,WTALmaxPhLQPXmE5DDDWQAk31JZw,construction,linkedin.com/company/ferproin-sl,vidreras,ferproin sl,catalonia,11-50,
spain,2005,Qssozg97z55frtNqQ9gLaQQTkaLm,construction,linkedin.com/company/bexbe-serveis-s.l.u.,santa coloma de farnés,"bexbe serveis, s.l.u.",catalonia,1-10,bexbe.com
spain,,Uk7sd6cqBTBtr6JYAD2JGgoTnz79,construction,linkedin.com/company/pinturas-juani-s-l,las palmas,pinturas juani s.l.,canary islands,11-50,pinturasjuani.com
spain,1996,yn6igTDcffM17yf7shwMugekhD9H,construction,linkedin.com/company/seprim-proyectos-e-instalaciones-sl,jaen,seprim proyectos e instalaciones sl,andalusia,11-50,seprim.es
spain,,L9Y0UFZMoHCCR5oQxkBJMw3kj9Pc,construction,linkedin.com/company/acroma-pintores-sl,poligono industrial cabezo beaza,acroma pintores sl,region of murcia,1-10,
spain,,JfqryeoE4UBeoeVMR3a6RgpLPyPP,construction,linkedin.com/company/abad-telecomunicacions-sll,canet de mar,abad telecomunicacions sll,catalonia,1-10,
spain,,JCPrsQECJVShPUF0eZGFxgv1Sg4F,construction,linkedin.com/company/construcciones-blasco-miranda-sl,zaragoza,construcciones blasco miranda sl,aragon,1-10,
spain,,wX3jFecgYZv2pQmx5lSzmgfm701i,construction,linkedin.com/company/guiñaco-sl,,guiñaco sl,,11-50,
spain,,2PEGkwIRb067mCr5GFQvGAJEoSFq,construction,linkedin.com/company/obras-y-construcciones-micafersa-sl,toledo,obras y construcciones micafersa sl,castilla-la mancha,1-10,
spain,,xzxO4ZpqkJBisO1WlXIxHQ9Xch8A,construction,linkedin.com/company/global-electric-instalaciones-electrotecnicas-sl,málaga,global electric instalaciones electrotecnicas sl,andalusia,11-50,
spain,,lbTbB0Mq7vtlFBpp2YIUfQnSPXjw,construction,linkedin.com/company/construcciones-y-reformas-gomez-gonzalvez-sl,badajoz,construcciones y reformas gomez gonzalvez sl,extremadura,11-50,
spain,,ChA2BpSOxXWzpCMjiahEJAZcWJnl,construction,linkedin.com/company/f-sau-sl,,f sau sl,,11-50,
spain,,IBgYxqnhx23O44Vn3TqckQ8zd4eY,construction,linkedin.com/company/tecnicas-de-mecanizados-canarios-sl,santa cruz,tecnicas de mecanizados canarios sl,canary islands,1-10,
spain,,AmocE11FDFPR4EOmunE4nArxD22f,construction,linkedin.com/company/ibersuelo-investment-group-sl,murcia,ibersuelo investment group sl,region of murcia,1-10,
spain,,azzP6eLo214QUeBo49V7RghFfpnq,construction,linkedin.com/company/hogarasist-2015-sl,rubí,hogarasist 2015 sl,catalonia,1-10,
spain,,5mo7KFgd2A5Nenb2oeUeUw0CIHS6,construction,linkedin.com/company/elzo-instalaciones-sl,montilla,elzo instalaciones sl,andalusia,1-10,
spain,,yJLlkbbACYscWHRnhdUnuQhoMLdH,construction,linkedin.com/company/arkinetwork-sl,alicante,arkinetwork sl,valencian community,1-10,
spain,,K1mfGe4YjLXTiOMW59ZcCAbbQi8X,construction,linkedin.com/company/i3m-construcciones-y-servicios-2015-sl,arteixo,i3m construcciones y servicios 2015 sl,galicia,1-10,
spain,,NEjPqeOCsJ3FbMyaYl6PBQDF4inj,construction,linkedin.com/company/azuval-decoración,algete,azuval decoración,community of madrid,1-10,azuval.com
spain,,nn0MH4izAQcDEbCmwmMH1gh6QePJ,construction,linkedin.com/company/javier-roda-gil-sl,la portellada,javier roda gil sl,aragon,11-50,
spain,,xXwWkyRkBbO2wMPI7HgvxQ5wXEj9,construction,linkedin.com/company/silmares-inversiones-sl,madrid,silmares inversiones sl,community of madrid,11-50,
spain,,BKbIvaQGrEJ5APO9PLQxzgwkIRSD,construction,linkedin.com/company/velez-e-hijos-sl,garafía,velez e hijos sl,canary islands,1-10,
spain,,Mg0B79qd0K7QVclu0npgpAs8KkgX,construction,linkedin.com/company/diseños-electricos-hyh-2015-sl,las palmas,diseños electricos hyh 2015 sl,canary islands,1-10,
spain,,fjbE7kkewWiu9dIjDsSRgwOvkMs8,construction,linkedin.com/company/kronnos-mecanica-grafica-sl,rafelbuñol,kronnos mecanica grafica sl,valencian community,1-10,
spain,2017,iF5gN6thRFDjskh8CxZPvAPRZhq7,construction,linkedin.com/company/construplace,barcelona,construplace,catalonia,1-10,construplace.com
spain,,tQVahQvZShLQuxYCNIBJXAzBxwqO,construction,linkedin.com/company/edicoplana-construcciones,castello de la plana,edicoplana construcciones,valencian community,1-10,edicoplana.com
spain,,Oa2G300A31sHUTi1Eg6m5A8oDPMe,construction,linkedin.com/company/cantabricas-obras-de-construccion-y-rehabilitacion-sl,santander,cantabricas obras de construccion y rehabilitacion sl,cantabria,1-10,
spain,,WhSWBKCkGdkBqHT9bn8ktwS0MyCL,construction,linkedin.com/company/coolingapps,,coolingapps,community of madrid,1-10,coolingapps.com
spain,,rghRycV3CIgPyruCVHoJuwLVJQZf,construction,linkedin.com/company/somarel-electrica-sl,coslada,somarel electrica sl,community of madrid,1-10,
spain,,RDj4d4NG5fkNn8J0Vc3q5gGbvkKf,construction,linkedin.com/company/sialser-sl,madrid,sialser sl,community of madrid,11-50,
spain,,39ohKBjBp46IC9B6c9Vk7gQuPtXD,construction,linkedin.com/company/construcciones-invernaderos-sanchez-sl,san javier,construcciones invernaderos sanchez sl,region of murcia,11-50,coinsa.com
spain,,vbGXv1cPHkk1KdkZPv4c8QCO73i6,construction,linkedin.com/company/alt-pirineu-reformes,vielha e mijaran,alt pirineu reformes,catalonia,1-10,altpirineureformes.com
spain,,5kjCQPJ847DHCXwlO6VEPwMtxn1K,construction,linkedin.com/company/pinturas-a-castellanos-sl,ciudad lineal,pinturas a castellanos sl,community of madrid,1-10,
spain,2011,rDKSN6mLNcbrzEIdqok9BgmGZgMR,construction,linkedin.com/company/construbecker-sl,tabernes blanques,construbecker sl,valencian community,11-50,construbecker.es
spain,,ZBExpreMgB5XRbVPPVTqzAWHu1Bx,construction,linkedin.com/company/la-roca-trabajos-verticales-sl,logrono,la roca trabajos verticales sl,la rioja,1-10,
spain,2013,brxHJFPePZboAtprPoOS3gbAPG20,construction,linkedin.com/company/reduced-energy-group-sl,donostia,reduced energy group sl,basque country,1-10,
spain,,RJceUYEpFBFhbpnlIQq57QvaK8x5,construction,linkedin.com/company/construcciones-rascon-y-leon-sl,la carolina,construcciones rascon y leon sl,andalusia,11-50,
spain,,B2Zdfd2W9Rt2LcEirO2A6AIHp4sG,construction,linkedin.com/company/arte-home-soluciones-integrales-sl,fuenlabrada,arte home soluciones integrales sl,community of madrid,1-10,
spain,,IHCChiq8ja2Xqopv36USvQ1KeBQx,construction,linkedin.com/company/proyectos-y-obras-marcresun-sl,málaga,proyectos y obras marcresun sl,andalusia,1-10,
spain,,uZRmFZS6D3vTxbwSAFslWgTmOYE7,construction,linkedin.com/company/gotor-gestion-sl,ciérvana,gotor gestion sl,basque country,11-50,
spain,,8e5CqfCnKqRnAVRoIBHr8AgriCKQ,construction,linkedin.com/company/módulos-naymo,campdevánol,módulos naymo,catalonia,1-10,modulosnaymo.es
spain,,Z6I5oLGHP2ndyBAn9Xe2WAHixY0v,construction,linkedin.com/company/cervezas-casa-filo-sl,toledo,cervezas casa filo sl,castilla-la mancha,1-10,
spain,,KgAhAcSLCC8ptHlBA62BKQWMZWad,construction,linkedin.com/company/construcciones-danapru-sl,castillo de aldovea,construcciones danapru sl,community of madrid,1-10,
spain,,gLLfBna2b6pZyCa3pOrWOg5wRCpT,construction,linkedin.com/company/construvape-sl,barcelona,construvape sl,catalonia,11-50,
spain,,OjeuMZD2n4Rp5L9RApbHAQN87Gc9,construction,linkedin.com/company/coste-casa,san pedro de ribas,coste casa,catalonia,1-10,costecasa.com
spain,,sL4grXgGQIRTFs1UREKrHAefhDd5,construction,linkedin.com/company/yarnoz-&-vega-bb-investment-group-sl,pozuelo de alarcon,yarnoz & vega bb investment group sl,community of madrid,11-50,
spain,,UBsDCS8soF89RBXZrmcG2gVZI90W,construction,linkedin.com/company/i-famsa-sl,olesa de montserrat,i famsa sl,catalonia,11-50,
spain,,b6dCCvoAG5BhuHDVqqveBAoszUez,construction,linkedin.com/company/orbital-control-sl,linares,orbital control sl,andalusia,1-10,
spain,,KFZt5yHBQyHEmSOsSrbW6wwkPTK9,construction,linkedin.com/company/el-olivo-mio-sl,campos de vila,el olivo mio sl,galicia,1-10,
spain,,ziHryyezLBTPyxgb0MEZUQcvtXY4,construction,linkedin.com/company/montajes-electricos-inmega-sl,alcorcón,montajes electricos inmega sl,community of madrid,11-50,
spain,,r3bdDvgIChWwkb5Z4GnhJAFpfxMN,construction,linkedin.com/company/exfriel-2010-sll,badajoz,exfriel 2010 sll,extremadura,1-10,
spain,,N4QeRCRhi2f7JPSkb26IWwo4v7D0,construction,linkedin.com/company/ruben-frances-sl,alicante,ruben frances sl,valencian community,11-50,
spain,,GzmkGpI3LJuqBGTiLBmzzwdWnDE3,construction,linkedin.com/company/construccion-y-obra-muralla-sl,madrid,construccion y obra muralla sl,community of madrid,11-50,
spain,,O1hTuMVDEy4qcoMCuszVKg2qi2IN,construction,linkedin.com/company/asesoria-valbuena-mesada-sl,madrid,asesoria valbuena mesada sl,community of madrid,1-10,
spain,,sYiSaYNCdKc61YmK31V7mQAV1TI8,construction,linkedin.com/company/robot-infiniti-sl,santander,robot infiniti sl,cantabria,11-50,robotinfiniti.es
spain,2021,XUmTuV52fmd0EDUX7D3fWg7UKLyV,construction,linkedin.com/company/arboretum-haus-spain,bellvei,arboretum haus españa,catalonia,11-50,arboretum.haus
spain,,tZhEOxdgcLOyCpnASYaiKwRX9mF7,construction,linkedin.com/company/electrogalicia,pontevedra,electrogalicia,galicia,1-10,
spain,,ftBmdmOkNuGNxHCjzMBcFAKB0u84,construction,linkedin.com/company/rotieyu-sl,oviedo,rotieyu sl,asturias,11-50,
spain,,taAW94CUINwJFydJgDhT6A7A988J,construction,linkedin.com/company/grupo-residencial-lamiña-2006-sl,,grupo residencial lamiña 2006 sl,community of madrid,11-50,
spain,,vwpJ3803XdagJaxuRP2C6whYrKn5,construction,linkedin.com/company/construnext-infraestructura,barcelona,construnext infraestructura,catalonia,1-10,
spain,,s98etwZvDt3V8EjRcEHwdgN9kyGf,construction,linkedin.com/company/cjf-construcciones-teva-sl,,cjf construcciones teva sl,,1-10,
spain,,C5PMBDoq3SbI21VoTaaX6Qaf5EQI,construction,linkedin.com/company/servicios-tecnicos-comunitarios-sl,málaga,servicios tecnicos comunitarios sl,andalusia,11-50,
spain,,vvvKSeHzWM7RHJlP2cS7hAOJ1o5Z,construction,linkedin.com/company/hierros-ferrasur-sl,,hierros ferrasur sl,,11-50,hierrosferrasur.com
spain,1972,rcYYPdVsGIOMrdSCCgHugwbRgFGR,construction,linkedin.com/company/carpintería-francisco-moreno-sl,rubí,carpintería francisco moreno sl,catalonia,1-10,carpinteriafm.com
spain,,SXe0wUW4nPZKsc7AXeYiCwEmFGjK,construction,linkedin.com/company/empresarial-mejostilla,,empresarial mejostilla,,11-50,mejostilla.com
spain,,IeL1aZf9VetwTqpqBFVQKwFQrd16,construction,linkedin.com/company/eonavis-sl,,eonavis sl,community of madrid,11-50,eonavis.es
spain,,HJnNhWwbiOkUaivC0t9GZQQoWKB7,construction,linkedin.com/company/derivados-del-cemento-dhealfaro-sa,,derivados del cemento dhealfaro sa,,1-10,
spain,,WIihxkOBasQQevcBEGfCngelAh6v,construction,linkedin.com/company/piscinas-mendez-sl,mazarrón,piscinas mendez sl,region of murcia,11-50,
spain,1965,euLNBwaranB9ftDPglDRSQ5eYF2f,construction,linkedin.com/company/consbe,betxi,consbe,valencian community,11-50,consbe.com
spain,,wGnL6faY2HAUYuhQw1eTPQY98Wlm,construction,linkedin.com/company/air-balance-system-sl,valladolid,air balance system sl,castilla and león,1-10,
spain,,OGBDZ0hrzGiMkD92gXqjWwpmqk4w,construction,linkedin.com/company/valqua,miño,valqua,galicia,1-10,valqua.es
spain,,JpJBUmqDKop1TKCk6CKY8Q4xb1X3,construction,linkedin.com/company/hnos-martin,vitoria-gasteiz,hnos martin,basque country,1-10,hnosmartin.net
spain,2022,D6EBiKLU1CeLGuNRxIX86wtCOOcB,construction,linkedin.com/company/eq-epsicu,alicante,eq epsicu,valencian community,1-10,epsicu.com
spain,,BwnTJuKzdPL2dm5nxfcg2Q12WJ71,construction,linkedin.com/company/excluservity-concierge-sl,universitat illes balears,excluservity concierge sl,balearic islands,1-10,
spain,,kGBsDRoTFFOiy6lDK3tdUQ5DifTl,construction,linkedin.com/company/grup-electric-eurolux-sl,universitat illes balears,grup electric eurolux sl,balearic islands,1-10,
spain,,qwSu2mo3y8PbJoUnFJubMAlOFEef,construction,linkedin.com/company/construcciones-barreiro-b-sl,pontevedra,construcciones barreiro b sl,galicia,11-50,
spain,,1wk0FOrVtBdfwypoNtQSDA5t6msK,construction,linkedin.com/company/instalaciones-industriales-telemant-sl,sant just desvern,instalaciones industriales telemant sl,catalonia,11-50,
spain,,AASCsM5g5svP3zpcE9AKOQZNtsg0,construction,linkedin.com/company/construcciones-y-reformas-de-hoy-sl,escalera,construcciones y reformas de hoy sl,castilla-la mancha,11-50,
spain,,PPYos6WL5nBUnVzjMwhUdwnwWXiP,construction,linkedin.com/company/propaher-instalaciones-sl,poligon industrial de sant pere molanta,propaher instalaciones sl,catalonia,11-50,
spain,2010,UCJBXu8OgReZPmY79h9XHQnNQE0S,construction,linkedin.com/company/igsinggenieria,leganés,ingeniería de gestión y seguridad sl.,community of madrid,11-50,igsingenieria.com
spain,,t57klxgB37z7h7w9LgBhxgdXX21t,construction,linkedin.com/company/fabrilis-estudio,granada,fabrilis estudio,andalusia,11-50,fabrilisestudio.com
spain,,yBbzSfQOmL4glsdrHCNerQ10hOci,construction,linkedin.com/company/electromontajes-criptana-sl,ciudad real,electromontajes criptana sl,castilla-la mancha,1-10,
spain,,fJ8rYeGuFV1Aq03rPLsdtwnZwoH3,construction,linkedin.com/company/instalaciones-tecnologia-ingenieria-y-servicios-teleco-sl,madrid,instalaciones tecnologia ingenieria y servicios teleco sl,community of madrid,1-10,
spain,,F1z7uqrhiC2GVA57mRnpaQEWuA5P,construction,linkedin.com/company/construcciones-moliza-sl,granada,construcciones moliza sl,andalusia,11-50,
spain,,fITHRI7SEMQlCW0qhh65sQyL7Ucp,construction,linkedin.com/company/duoanpaz-sl,madrid,duoanpaz sl,community of madrid,11-50,
spain,,twDCZ0fBfjvegjABcnBmZAj8F3Li,construction,linkedin.com/company/arkia-3000-sl,getxo,arkia 3000 sl,basque country,11-50,
spain,,S7seRHyPVIdBClsVNgthDgN3qrw4,construction,linkedin.com/company/urgain-sl,hondarribia,urgain sl,basque country,11-50,
spain,,yl4yP8BLPvHMufgmDoZ5yQpWRTSd,construction,linkedin.com/company/totpal-sl,,totpal sl,,11-50,
spain,,gVH5GOKySe4s5G87FU5ZiweZvWaK,construction,linkedin.com/company/led-canarias-sl,las palmas,led canarias sl,canary islands,11-50,
spain,,O4K9clEbBCs0xi8o4BCcCwhw6Mrq,construction,linkedin.com/company/gat-electricidad-sl,,gat electricidad sl,,11-50,
spain,,RbrhULGl0Ktf1E6klUzLnw4nKCXN,construction,linkedin.com/company/permetei-sl,aldea del fresno,permetei sl,community of madrid,11-50,
spain,,xFYEKSd3P45sWIFMpnlVVQxW28vM,construction,linkedin.com/company/cristaleria-hernandez-bailen-sl,,cristaleria hernandez bailen sl,,11-50,
spain,1996,CM9FF4tCL2YJUhVf96BP2gr5M0ub,construction,linkedin.com/company/cc3-archi,,cc3 archi,community of madrid,11-50,cc3archi.com
spain,,1bTwzZb1S6FQvUHfGyDh7QyEFgLO,construction,linkedin.com/company/j-pous-mares-sa,,j pous mares sa,,11-50,
spain,,BSGSWMytJnNN8Bh0ilI12g2K6HVb,construction,linkedin.com/company/ecogenia-energia-y-construccion-sl,badalona,ecogenia energia y construccion sl,catalonia,11-50,
spain,,eIs3IMvCJwLscG5D0Sf0EAifz6qZ,construction,linkedin.com/company/lianbang-sl,madrid,lianbang sl,community of madrid,1-10,
spain,,0nphKLZ9A1OAa9HbmmCUYQRu6JzD,construction,linkedin.com/company/aislamientos-suaval-sa,candás,aislamientos suaval sa,asturias,51-200,
spain,,jyGujtMi8aYD0VNVsgEj0Q9Pd7rB,construction,linkedin.com/company/resiliencia-group,ronda,resiliencia group,andalusia,1-10,resilienciagroup.es
spain,2007,9kR5HYmDLIR7bWe1JWXoogABulj9,construction,linkedin.com/company/carrerovera,lebrija,carrerovera s.l.u.,andalusia,1-10,carrerovera.es
spain,,I9VZGmXIMMYa135jrgSMOAhXPyOI,construction,linkedin.com/company/proyectos-construcciones-y-contratas-pin-sl,majadahonda,proyectos construcciones y contratas pin sl,community of madrid,1-10,
spain,2018,TpuY4qTd6vM9ekMCYsBxLAmmtiV1,construction,linkedin.com/company/giroplus-construcciones,bilbao,giroplus construcciones,basque country,1-10,giroplusconstrucciones.com
spain,,DlkWtHC9JRRHn7ZCTfFutwMrWt8s,construction,linkedin.com/company/ramicom-especialistas-sl,madrid,ramicom especialistas sl,community of madrid,1-10,
spain,,wcRS6RCYGhPABI2Rq6S09QDvjcbv,construction,linkedin.com/company/del-cantil-can-sl,mejorada del campo,del cantil can sl,community of madrid,1-10,
spain,,uaAVvBQdzPc17RDOkRNZCwjwWLhP,construction,linkedin.com/company/instalaciones-ortemo-sl,torremolinos,instalaciones ortemo sl,andalusia,1-10,
spain,,ph6LwC9NuCzQaZp6fYJNdgPtOcCK,construction,linkedin.com/company/construcciones-y-contratas-tabasco-sl,el hoyo de pinares,construcciones y contratas tabasco sl,castilla and león,11-50,
spain,,TLB5XKUvBlTmc3wOxEnNaA7QM21Q,construction,linkedin.com/company/europa-ingenieria-e-instalaciones-sl,collado-villalba,europa ingenieria e instalaciones sl,community of madrid,11-50,
spain,,LAQ2jB6BjJBLjowMJrO52gbACi62,construction,linkedin.com/company/rulgiver-sl,cornella de llobregat,rulgiver sl,catalonia,1-10,
spain,,TZjPc04I7RbNKO1By0m5AQnfU3kK,construction,linkedin.com/company/acabado-de-obras-vilafant-sl,,acabado de obras vilafant sl,,1-10,
spain,2008,hhUGNvuiBk9JoV7bhhq9QgWxLFFj,construction,linkedin.com/company/vico-del-moral-construcciones,huelma,vico del moral construcciones,andalusia,1-10,construccionesvicodelmoral.com
spain,,5xIfxSLrAzKU0S2gCeaFfA38dmSs,construction,linkedin.com/company/construcciones-recons-mg-sl,valdeolmos,construcciones recons mg sl,community of madrid,1-10,
spain,,Hh2PkKDGgnDkBJRlWGVUNQuN2IrM,construction,linkedin.com/company/instalacion-de-sistemas-acusticos-y-termicos-sl,valladolid,instalacion de sistemas acusticos y termicos sl,castilla and león,1-10,
spain,,RHcBcCuL1MU8PSO2RX5qDQXSZjdh,construction,linkedin.com/company/inmoplan-promociones-sa,,inmoplan promociones sa,,1-10,
spain,2012,GTBAvO8qbxhYFmVFXR66pAVCOsZU,construction,linkedin.com/company/cerrajero-alcorcon,alcorcón,cerrajero alcorcon - 900800061,community of madrid,1-10,cerrajeros-alcorcon.com.es
spain,,qHBqqiP3hgYaYafVlavNZgl6UGPR,construction,linkedin.com/company/galaxy-green-fees,dehesa de campoamor,galaxy green fees,valencian community,1-10,galaxygreenfees.com
spain,2016,xPBzeAICasdYyYmBHCCwcwX4STD9,construction,linkedin.com/company/ekonura,mendaro,ekonura,basque country,1-10,ekonura.com
spain,,y28uLLScVFf5L6xS60zynAPfruqT,construction,linkedin.com/company/montajes-&-partners-sl,castellon de la plana/castello de la pla,montajes & partners sl,valencian community,1-10,
spain,,f1uebA3cJVXTSPKUVYDGLAZt1gyU,construction,linkedin.com/company/cabot-asociados-sl,palma,cabot asociados sl,balearic islands,11-50,cabotasociados.com
spain,1995,QBiEyKNft7WEhgsOdPfXfgxEovEA,construction,linkedin.com/company/hermanos-pico-yáñez,lugo,hermanos pico yáñez s.l,galicia,1-10,xn--picoyaez-i3a.com
spain,,BUvrT3oaOoSDz9CXaDwzzAdL2pXi,construction,linkedin.com/company/monsolar-ingenieria-sl,alcira,monsolar ingenieria sl,valencian community,11-50,
spain,,2NFHqsiM12p1DcB93qPIBQNjhCSY,construction,linkedin.com/company/dexbeni-sl,el mojón,dexbeni sl,region of murcia,11-50,
spain,2022,W38QOqQrR4zfhbbhojbREws2BkMH,construction,linkedin.com/company/marnosagestiondeobras,a coruña,marnosa,galicia,1-10,marnosa.com
spain,,Z6B7Hbn4l9TT3InB1jqa2w5NDd5n,construction,linkedin.com/company/doinstal-instalaciones-y-montajes-sa,leganés,doinstal instalaciones y montajes sa,community of madrid,11-50,
spain,,adpkAqjy0u6dBDlRd4AkIwg8csx1,construction,linkedin.com/company/construcciones-y-reformas-jumyal-rota-sl,rota,construcciones y reformas jumyal rota sl,andalusia,11-50,
spain,,wkAO0rhZgd93Usq9a6tR6wMcG0z2,construction,linkedin.com/company/weinor-spain,la pobla de claramunt,weinor spain,catalonia,1001-5000,
spain,2013,6OB0TixgDWpEOlPsLjcwCg0XShsM,construction,linkedin.com/company/mekanaves,ejea de los caballeros,"mekanaves, soluciones modulares",aragon,1-10,mekanaves.com
spain,,MuOqbmnAhcaPhGmSqljAPwky7oWq,construction,linkedin.com/company/apligo-fg2016-sl,granollers,apligo fg2016 sl,catalonia,1-10,
spain,,wxhJBsZ3zKZXffFHAF5LiAsuLrjh,construction,linkedin.com/company/best-pro-consulting-innovacion-sl,,best pro consulting innovacion sl,,11-50,
spain,,waBml7ev4FSHMyCC5MKhmAyGUNjV,construction,linkedin.com/company/logical-space-sl,san fernando de henares,logical space sl,community of madrid,1-10,
spain,,PzdaPAsTCsSqPGFaJdEimAubMFp9,construction,linkedin.com/company/inasa-2003-sl,olesa de montserrat,inasa 2003 sl,catalonia,11-50,
spain,,BQAqtaeim9u0c86wMpBe5QVRbmqr,construction,linkedin.com/company/casas-de-la-alcarria-sl,sigüenza,casas de la alcarria sl,castilla-la mancha,11-50,casasdelaalcarria.es
spain,,0BgX34Ii9Co8D9j6DEaB1AZKEEYV,construction,linkedin.com/company/smc-maquilon-sl,,smc maquilon sl,region of murcia,1-10,
spain,,63X0UgrChnoZq4skWY1lDgfnTmYF,construction,linkedin.com/company/euro-stroy-construcciones-completas-sl,vitoria-gasteiz,euro-stroy construcciones completas sl,basque country,11-50,
spain,,w8327EBt3e0X8nmxOJ7nsgbamxR7,construction,linkedin.com/company/hnos-ortega-reformas-generales-sl,barcelona,hnos ortega reformas generales sl,catalonia,1-10,
spain,,kBANvNHUDKw9wY6eIZswCgKUMHdW,construction,linkedin.com/company/instalaciones-electricas-marsan-sl,pedrezuela,instalaciones electricas marsan sl,community of madrid,11-50,iemarsan.com
spain,1984,jlz7xtXA960MOXNDeYkLewKNkO72,construction,linkedin.com/company/acadinsa-acabados-interiores,cornella de llobregat,acabados de interiores s.a - acadinsa,catalonia,11-50,acadinsa.com
spain,,AlOoheDByiuNSA50OeCf8AhG6RXi,construction,linkedin.com/company/dalto-arquitectura-sl,toledo,dalto arquitectura sl,castilla-la mancha,1-10,
spain,,EM2aNoHG2B8iQ99YvWCdnQAm8p9t,construction,linkedin.com/company/insuarca-sl,las palmas,insuarca sl,canary islands,11-50,
spain,,aKLEiNibFw3vd9Nv9uS3LwJZXFhd,construction,linkedin.com/company/global·experience,barcelona,"global experience, s.l.",catalonia,11-50,globalexperience.es
spain,,1CfW19CjCQmYILRM3lDVvAtFandw,construction,linkedin.com/company/hormigones-saucanos-sl,zamora,hormigones saucanos sl,castilla and león,1-10,
spain,,FWROBmZXxSjIhCPpjAUY3wsVEcyw,construction,linkedin.com/company/felinos-sl,,felinos sl,,11-50,felinos.net
spain,,ol2XZPiPeqslXR6qAumZ2QHI3zsX,construction,linkedin.com/company/soliner-2012-sl,sabadell,soliner 2012 sl,catalonia,11-50,
spain,,CTojgvSTGWCDAR2Il9feBwj60DwE,construction,linkedin.com/company/morey's-pulits-i-vitrificats-sl,universitat illes balears,morey's pulits i vitrificats sl,balearic islands,11-50,pulidosmoreys.com
spain,2010,O6tjLqp2bk7LB64vHC1igQ2R2gVw,construction,linkedin.com/company/miralbo-urbana,alicante,miralbo urbana,valencian community,11-50,miralbo.com
spain,,9XjXX250vJLLe8GAI1MG7Q0p3VlI,construction,linkedin.com/company/peña-y-lebron-sl,la carlota,peña y lebron sl,andalusia,1-10,
spain,,gZ1U1CiZUo3B0xVpeaFzlwkMLHDt,construction,linkedin.com/company/catalunyacaixa-immobiliaria-sa,sabadell,catalunyacaixa immobiliaria sa,catalonia,11-50,cxinmobiliaria.com
spain,,xoaUCwsZcoinm7gJ3EAPBANRKBzW,construction,linkedin.com/company/instalaciones-eléctricas-pedro-mb,santa cruz,instalaciones eléctricas pedro mb,canary islands,1-10,pedromb.com
spain,,1HYeFqIVWGqCJiacluCqUwlcpsNL,construction,linkedin.com/company/pintura-valles-sa,poligon industrial de sant pere molanta,pintura valles sa,catalonia,11-50,pinturavalles.com
spain,,MmTZxztDHTa6OI6eRyQ8mwmvr0Pj,construction,linkedin.com/company/insece-2008-sl,la roda,insece 2008 sl,castilla-la mancha,1-10,
spain,,o5AsyMBDhaVMUq8u1orsWgACgPwv,construction,linkedin.com/company/ingestmodular-sl,figueruelas,ingestmodular sl,aragon,1-10,
spain,,RsTNitE9BPhRxM5P01CBqQ06XZff,construction,linkedin.com/company/electricidad-peiro-sl,,electricidad peiro sl,,11-50,
spain,,ZLCBAFmJH15FHWyFb8IbMAM4O7nJ,construction,linkedin.com/company/soluciones-profesionales-del-sur-sl,sevilla,soluciones profesionales del sur sl,andalusia,1-10,
spain,,TCRr3p1OMy99L3CpndnBUQRN5GaG,construction,linkedin.com/company/ergia-ingenieria-y-servicios-sl,santander,ergia ingenieria y servicios sl,cantabria,1-10,
spain,,A0f9KCk8CQohaqc7cn8SWgqZmS1L,construction,linkedin.com/company/partun-real-estate,badajoz,partun real estate,extremadura,1-10,partunrealestate.com
spain,,OsVgmiQIRMzFxSfmRqzPIAF5TgXE,construction,linkedin.com/company/litoral-mediterraneo-2-sa,alicante,litoral mediterraneo 2 sa,valencian community,1-10,
spain,,qBwv5nGF2a1qBw0FRsBvzwMFTUvQ,construction,linkedin.com/company/obras-montajes-instalaciones-y-proyectos-sl,melide,obras montajes instalaciones y proyectos sl,galicia,1-10,
spain,,bW3xBPAUloxmodoB2x2cWwMWuoQQ,construction,linkedin.com/company/rotgla-instalaciones-sl,la llosa de ranes,rotgla instalaciones sl,valencian community,1-10,
spain,,VDQBLzeMxyO7Cupy55ZttQJMFAO8,construction,linkedin.com/company/avante-proyectos-e-inversiones-sa,arona,avante proyectos e inversiones sa,canary islands,1-10,avanteproyectos.com
spain,,jXyuIrS2uwzSkjHkUCZvRw1TTnyV,construction,linkedin.com/company/bemar-construcciones-&-arquitectura-sl,molina de segura,bemar construcciones & arquitectura sl,region of murcia,1-10,
spain,,W444MQlT0BDNXRE1izdE7wRleaEj,construction,linkedin.com/company/laurencin-sl,palma,laurencin sl,balearic islands,1-10,
spain,,4dLYkiE6bFYw99v0N0CYdgLU7GMu,construction,linkedin.com/company/construccions-i-reformes-novafacana-sl,sabadell,construccions i reformes novafacana sl,catalonia,11-50,
spain,1992,xIcBL5aWOrhYPDiu84rNrQ16O8Gk,construction,linkedin.com/company/piedrasc,campaspero,piedras campaspero s.a.,castilla and león,1-10,piedrascampaspero.com
spain,,CO7Gxt4h0DB3xkF9W1TGeAP22Bf3,construction,linkedin.com/company/alufermax-sl,cistérniga,alufermax sl,castilla and león,11-50,
spain,2014,6mPFxmNTPuGx0EcjNArfFQ75BNLZ,construction,linkedin.com/company/sintra-energía-y-rehabilitación,molina de segura,sintra energy and restoration,region of murcia,1-10,sintra-scoop.es
spain,,51LtKePmLiBiXKsymv3RLgGiuY6C,construction,linkedin.com/company/dimasiber-sl,poligono fuente del jarro,dimasiber sl,valencian community,11-50,
spain,,VkD5G9RF56o4sICBAc328AUYWRyb,construction,linkedin.com/company/obras-y-servicios-gasistas-madrid-2014-sl,leganés,obras y servicios gasistas madrid 2014 sl,community of madrid,1-10,
spain,,xBd4rT4VXJBZArsCoJc7nw2Uw91C,construction,linkedin.com/company/paicons-obras-y-servicios-sl,cieza,paicons obras y servicios sl,region of murcia,1-10,
spain,,fWK6YmX3rtNcC486qR7SxQWcazwb,construction,linkedin.com/company/vial-transit-control-sl,palau-solita i plegamans,vial transit control sl,catalonia,1-10,
spain,,PndgNkCG8sgyBYvnSA4cQgSRSfsI,construction,linkedin.com/company/decoraciones-gandia,gandia,decoraciones gandía,valencian community,11-50,linkedin.com/company/decoraciones-gandia
spain,,SLiMZlK6sSpM4SQAbBTZBQi0Gjpa,construction,linkedin.com/company/tacamfer-seguridad-sl,cáceres,tacamfer seguridad sl,extremadura,1-10,
